一级主题,二级主题,问题,答案,关键行动
开店与市场,市场选择,跨境电商中，目标市场筛选是什么？,核心是用需求、竞争、准入、物流和税费共同筛选可进入的国家或地区，而不是只看流量大小。跨境场景还要同时核对目的国要求、平台规则和实际履约能力。,将“目标市场筛选”纳入站点与SKU的上线清单。
开店与市场,市场选择,为什么要重视目标市场筛选？,它决定后续定价、合规、仓配和客服语言的基准，先选对市场能减少返工。决策不能只看短期成交，还要同步评估合规、履约和可持续利润。,在周度复盘中同时查看增长与风险指标。
开店与市场,市场选择,如何建立目标市场筛选的最小执行清单？,先建立候选市场表，核对需求信号、竞品价格、禁限售、关税税费、派送时效和退货可行性。把结论写入可复查清单，未被证据支持的字段不作为上线依据。,先完成资料收集与逐项核对，再启动试运行。
开店与市场,市场选择,如何用数据判断目标市场筛选是否有效？,重点观察站点级搜索需求、转化率、单位贡献毛利、妥投时效和退货率。指标应按站点、渠道和SKU拆分，避免总盘数据掩盖问题。,为相关指标设置固定口径、基线和预警阈值。
开店与市场,市场选择,出现“销量出现但利润为负或清关、退货异常”时，怎样排查目标市场筛选？,先定位订单、SKU、站点和时间区间，再从“建立候选市场表，核对需求信号、竞品价格、禁限售、关税税费、派送时效和退货可行性”逐项回溯。对无法确认的事项应暂停放量。,建立异常工单，记录根因、责任人和关闭日期。
开店与市场,市场选择,不同国家或平台下，目标市场筛选应如何调整？,按目的国法规、消费者语言和支付偏好分别配置，不以单一大站经验代替当地验证。不要把一个站点的设置直接复制到另一个站点。,建立按国家、平台和类目维护的规则版本。
开店与市场,市场选择,新品推进目标市场筛选时，推荐的先后顺序是什么？,建议先完成市场准入与成本测算，再小批量测试商品，最后扩充库存和投放。前一项未闭环前，不要扩大库存或广告投入。,把每个阶段的放行条件写入新品评审表。
开店与市场,市场选择,关于目标市场筛选最常见的误区是什么？,常见误区是把高访问量等同于适合进入，忽略履约、税费和售后成本。应以“用需求、竞争、准入、物流和税费共同筛选可进入的国家或地区，而不是只看流量大小”作为验证标准。,在复盘中记录误区对应的损失与预防动作。
开店与市场,市场选择,哪些记录能证明目标市场筛选已被正确执行？,应保留市场评分表、竞品截图、税费测算、物流报价和试单结果。记录要能对应SKU、订单或批次，并与平台或申报数据一致。,统一文件命名、版本与留存责任，便于抽查。
开店与市场,市场选择,何时应重新评估目标市场筛选？,当目的国政策、平台费用、物流报价或核心指标发生明显变化时应重新评估。复评后同步更新售价、库存、承诺时效或合规材料。,为关键变更设置自动提醒和复核负责人。
开店与市场,市场调研,跨境电商中，需求验证是什么？,核心是通过关键词、类目、竞品评价和试单数据确认真实购买需求与未被满足的痛点。跨境场景还要同时核对目的国要求、平台规则和实际履约能力。,将“需求验证”纳入站点与SKU的上线清单。
开店与市场,市场调研,为什么要重视需求验证？,它能区分真实需求与短期噪声，避免凭个人偏好压货。决策不能只看短期成交，还要同步评估合规、履约和可持续利润。,在周度复盘中同时查看增长与风险指标。
开店与市场,市场调研,如何建立需求验证的最小执行清单？,先收集核心关键词、前列商品价格与评价、差评主题和季节性，再用小预算或小批量测试。把结论写入可复查清单，未被证据支持的字段不作为上线依据。,先完成资料收集与逐项核对，再启动试运行。
开店与市场,市场调研,如何用数据判断需求验证是否有效？,重点观察曝光到点击率、点击到购买率、评价关键词、退款原因和复购线索。指标应按站点、渠道和SKU拆分，避免总盘数据掩盖问题。,为相关指标设置固定口径、基线和预警阈值。
开店与市场,市场调研,出现“点击高但加购或成交低”时，怎样排查需求验证？,先定位订单、SKU、站点和时间区间，再从“收集核心关键词、前列商品价格与评价、差评主题和季节性，再用小预算或小批量测试”逐项回溯。对无法确认的事项应暂停放量。,建立异常工单，记录根因、责任人和关闭日期。
开店与市场,市场调研,不同国家或平台下，需求验证应如何调整？,研究口径要分国家、语言、类目和渠道，不能把不同站点的词量直接相加。不要把一个站点的设置直接复制到另一个站点。,建立按国家、平台和类目维护的规则版本。
开店与市场,市场调研,新品推进需求验证时，推荐的先后顺序是什么？,建议先看需求与合规，再验证价格带和内容表达，最后决定首批备货。前一项未闭环前，不要扩大库存或广告投入。,把每个阶段的放行条件写入新品评审表。
开店与市场,市场调研,关于需求验证最常见的误区是什么？,常见误区是只看销量榜或只看搜索量，不核查价格、评价和履约门槛。应以“通过关键词、类目、竞品评价和试单数据确认真实购买需求与未被满足的痛点”作为验证标准。,在复盘中记录误区对应的损失与预防动作。
开店与市场,市场调研,哪些记录能证明需求验证已被正确执行？,应保留关键词清单、竞品样本、评价归类、试投放和试单报表。记录要能对应SKU、订单或批次，并与平台或申报数据一致。,统一文件命名、版本与留存责任，便于抽查。
开店与市场,市场调研,何时应重新评估需求验证？,当搜索意图、竞争格局、季节或平台展示规则发生变化时应重新评估。复评后同步更新售价、库存、承诺时效或合规材料。,为关键变更设置自动提醒和复核负责人。
开店与市场,经营模式,跨境电商中，平台型与独立站取舍是什么？,核心是根据获客能力、品牌控制、支付能力、履约资源和现金流，在平台招商与独立站之间配置渠道组合。跨境场景还要同时核对目的国要求、平台规则和实际履约能力。,将“平台型与独立站取舍”纳入站点与SKU的上线清单。
开店与市场,经营模式,为什么要重视平台型与独立站取舍？,模式决定流量来源、数据可见性、合规责任边界和经营成本。决策不能只看短期成交，还要同步评估合规、履约和可持续利润。,在周度复盘中同时查看增长与风险指标。
开店与市场,经营模式,如何建立平台型与独立站取舍的最小执行清单？,先列出每个渠道的获客成本、佣金或技术费、支付费、履约要求、结算周期和内容资源。把结论写入可复查清单，未被证据支持的字段不作为上线依据。,先完成资料收集与逐项核对，再启动试运行。
开店与市场,经营模式,如何用数据判断平台型与独立站取舍是否有效？,重点观察渠道级获客成本、转化率、净收入、退款率、回款周期和复购率。指标应按站点、渠道和SKU拆分，避免总盘数据掩盖问题。,为相关指标设置固定口径、基线和预警阈值。
开店与市场,经营模式,出现“单一渠道规则变化导致销售或账号风险集中”时，怎样排查平台型与独立站取舍？,先定位订单、SKU、站点和时间区间，再从“列出每个渠道的获客成本、佣金或技术费、支付费、履约要求、结算周期和内容资源”逐项回溯。对无法确认的事项应暂停放量。,建立异常工单，记录根因、责任人和关闭日期。
开店与市场,经营模式,不同国家或平台下，平台型与独立站取舍应如何调整？,平台侧重遵守平台政策，独立站还要自行管理本地化、支付、税费和消费者沟通。不要把一个站点的设置直接复制到另一个站点。,建立按国家、平台和类目维护的规则版本。
开店与市场,经营模式,新品推进平台型与独立站取舍时，推荐的先后顺序是什么？,建议先用最适配的渠道验证单品，再建设可复用的内容、CRM与多渠道库存能力。前一项未闭环前，不要扩大库存或广告投入。,把每个阶段的放行条件写入新品评审表。
开店与市场,经营模式,关于平台型与独立站取舍最常见的误区是什么？,常见误区是把独立站理解为开通网页即可成交，或把平台流量视为永久资产。应以“根据获客能力、品牌控制、支付能力、履约资源和现金流，在平台招商与独立站之间配置渠道组合”作为验证标准。,在复盘中记录误区对应的损失与预防动作。
开店与市场,经营模式,哪些记录能证明平台型与独立站取舍已被正确执行？,应保留渠道成本表、服务条款、归因报表、订单与结算记录。记录要能对应SKU、订单或批次，并与平台或申报数据一致。,统一文件命名、版本与留存责任，便于抽查。
开店与市场,经营模式,何时应重新评估平台型与独立站取舍？,当平台政策、获客成本、支付拒付率或复购表现发生结构性变化时应重新评估。复评后同步更新售价、库存、承诺时效或合规材料。,为关键变更设置自动提醒和复核负责人。
开店与市场,账户开设,跨境电商中，KYC 与主体资料是什么？,核心是以真实、可验证且相互一致的企业、受益人、地址、收款和税务资料完成平台或支付机构审核。跨境场景还要同时核对目的国要求、平台规则和实际履约能力。,将“KYC 与主体资料”纳入站点与SKU的上线清单。
开店与市场,账户开设,为什么要重视KYC 与主体资料？,资料一致性直接影响账户开通、收款、申诉和后续合规效率。决策不能只看短期成交，还要同步评估合规、履约和可持续利润。,在周度复盘中同时查看增长与风险指标。
开店与市场,账户开设,如何建立KYC 与主体资料的最小执行清单？,先按平台清单准备主体证明、身份文件、银行或收款证明、地址证明及税务信息，并统一名称拼写。把结论写入可复查清单，未被证据支持的字段不作为上线依据。,先完成资料收集与逐项核对，再启动试运行。
开店与市场,账户开设,如何用数据判断KYC 与主体资料是否有效？,重点观察审核通过率、补件次数、资料到期率和账户限制次数。指标应按站点、渠道和SKU拆分，避免总盘数据掩盖问题。,为相关指标设置固定口径、基线和预警阈值。
开店与市场,账户开设,出现“审核被拒、资料不一致或关键证明过期”时，怎样排查KYC 与主体资料？,先定位订单、SKU、站点和时间区间，再从“按平台清单准备主体证明、身份文件、银行或收款证明、地址证明及税务信息，并统一名称拼写”逐项回溯。对无法确认的事项应暂停放量。,建立异常工单，记录根因、责任人和关闭日期。
开店与市场,账户开设,不同国家或平台下，KYC 与主体资料应如何调整？,不同平台和国家会有不同的主体、税务与受益人要求，应按官方最新清单准备。不要把一个站点的设置直接复制到另一个站点。,建立按国家、平台和类目维护的规则版本。
开店与市场,账户开设,新品推进KYC 与主体资料时，推荐的先后顺序是什么？,建议先确定经营主体与收款架构，再提交账户资料，获批后再配置商品和库存。前一项未闭环前，不要扩大库存或广告投入。,把每个阶段的放行条件写入新品评审表。
开店与市场,账户开设,关于KYC 与主体资料最常见的误区是什么？,常见误区是借用或拼接资料，或在多处使用不一致的公司名称和地址。应以“以真实、可验证且相互一致的企业、受益人、地址、收款和税务资料完成平台或支付机构审核”作为验证标准。,在复盘中记录误区对应的损失与预防动作。
开店与市场,账户开设,哪些记录能证明KYC 与主体资料已被正确执行？,应保留提交版本、审核通知、补件记录、主体文件和银行证明。记录要能对应SKU、订单或批次，并与平台或申报数据一致。,统一文件命名、版本与留存责任，便于抽查。
开店与市场,账户开设,何时应重新评估KYC 与主体资料？,当主体、受益人、地址、收款账户或税务登记发生变化时应重新评估。复评后同步更新售价、库存、承诺时效或合规材料。,为关键变更设置自动提醒和复核负责人。
开店与市场,品牌定位,跨境电商中，跨境品牌定位是什么？,核心是明确目标人群、使用场景、价格带、核心承诺和可信证据，并把它转化为商品内容和客服话术。跨境场景还要同时核对目的国要求、平台规则和实际履约能力。,将“跨境品牌定位”纳入站点与SKU的上线清单。
开店与市场,品牌定位,为什么要重视跨境品牌定位？,定位让选品、图片、广告和售后围绕同一价值主张，减少低价同质竞争。决策不能只看短期成交，还要同步评估合规、履约和可持续利润。,在周度复盘中同时查看增长与风险指标。
开店与市场,品牌定位,如何建立跨境品牌定位的最小执行清单？,先用目标客户、使用场景、竞品空白、产品证据和价格带写成一页定位卡。把结论写入可复查清单，未被证据支持的字段不作为上线依据。,先完成资料收集与逐项核对，再启动试运行。
开店与市场,品牌定位,如何用数据判断跨境品牌定位是否有效？,重点观察品牌词搜索、内容互动、转化率、客单价、复购率和评价中的价值关键词。指标应按站点、渠道和SKU拆分，避免总盘数据掩盖问题。,为相关指标设置固定口径、基线和预警阈值。
开店与市场,品牌定位,出现“用户看不懂产品差异，只能以折扣成交”时，怎样排查跨境品牌定位？,先定位订单、SKU、站点和时间区间，再从“用目标客户、使用场景、竞品空白、产品证据和价格带写成一页定位卡”逐项回溯。对无法确认的事项应暂停放量。,建立异常工单，记录根因、责任人和关闭日期。
开店与市场,品牌定位,不同国家或平台下，跨境品牌定位应如何调整？,主张需符合目的国文化、语言与广告规则，避免绝对化或无法证明的承诺。不要把一个站点的设置直接复制到另一个站点。,建立按国家、平台和类目维护的规则版本。
开店与市场,品牌定位,新品推进跨境品牌定位时，推荐的先后顺序是什么？,建议先确定可证明的价值，再统一详情页、广告素材、包装和客服表达。前一项未闭环前，不要扩大库存或广告投入。,把每个阶段的放行条件写入新品评审表。
开店与市场,品牌定位,关于跨境品牌定位最常见的误区是什么？,常见误区是把定位等同于口号，没有产品证据或可执行的内容标准。应以“明确目标人群、使用场景、价格带、核心承诺和可信证据，并把它转化为商品内容和客服话术”作为验证标准。,在复盘中记录误区对应的损失与预防动作。
开店与市场,品牌定位,哪些记录能证明跨境品牌定位已被正确执行？,应保留定位卡、卖点证据、素材版本、用户反馈和品牌资产清单。记录要能对应SKU、订单或批次，并与平台或申报数据一致。,统一文件命名、版本与留存责任，便于抽查。
开店与市场,品牌定位,何时应重新评估跨境品牌定位？,当目标人群、竞品价格带、合规限制或产品卖点发生变化时应重新评估。复评后同步更新售价、库存、承诺时效或合规材料。,为关键变更设置自动提醒和复核负责人。
选品与采购,选品,跨境电商中，跨境选品标准是什么？,核心是从需求、毛利、体积重量、破损风险、合规难度、侵权风险和供应稳定性综合判断商品是否适合跨境销售。跨境场景还要同时核对目的国要求、平台规则和实际履约能力。,将“跨境选品标准”纳入站点与SKU的上线清单。
选品与采购,选品,为什么要重视跨境选品标准？,跨境商品的利润常被物流、关税、退货和合规成本吞噬，不能只看出厂价。决策不能只看短期成交，还要同步评估合规、履约和可持续利润。,在周度复盘中同时查看增长与风险指标。
选品与采购,选品,如何建立跨境选品标准的最小执行清单？,先为候选SKU逐项填写需求、成本、尺寸重量、认证、禁限售、竞品和供应商评分。把结论写入可复查清单，未被证据支持的字段不作为上线依据。,先完成资料收集与逐项核对，再启动试运行。
选品与采购,选品,如何用数据判断跨境选品标准是否有效？,重点观察单位贡献毛利、周转天数、退货率、广告后利润和合规通过率。指标应按站点、渠道和SKU拆分，避免总盘数据掩盖问题。,为相关指标设置固定口径、基线和预警阈值。
选品与采购,选品,出现“销量增长但库存、运费或售后成本快速放大”时，怎样排查跨境选品标准？,先定位订单、SKU、站点和时间区间，再从“为候选SKU逐项填写需求、成本、尺寸重量、认证、禁限售、竞品和供应商评分”逐项回溯。对无法确认的事项应暂停放量。,建立异常工单，记录根因、责任人和关闭日期。
选品与采购,选品,不同国家或平台下，跨境选品标准应如何调整？,不同目的国的禁限售、标签、插头、语言和税费不同，应按站点分别评估。不要把一个站点的设置直接复制到另一个站点。,建立按国家、平台和类目维护的规则版本。
选品与采购,选品,新品推进跨境选品标准时，推荐的先后顺序是什么？,建议先过合规与物流可行性，再做样品和成本测试，最后确定首批SKU。前一项未闭环前，不要扩大库存或广告投入。,把每个阶段的放行条件写入新品评审表。
选品与采购,选品,关于跨境选品标准最常见的误区是什么？,常见误区是只选低采购价或爆款，忽略体积重、专利、售后和复购。应以“从需求、毛利、体积重量、破损风险、合规难度、侵权风险和供应稳定性综合判断商品是否适合跨境销售”作为验证标准。,在复盘中记录误区对应的损失与预防动作。
选品与采购,选品,哪些记录能证明跨境选品标准已被正确执行？,应保留SKU评分表、成本表、样品报告、竞品与合规检索结果。记录要能对应SKU、订单或批次，并与平台或申报数据一致。,统一文件命名、版本与留存责任，便于抽查。
选品与采购,选品,何时应重新评估跨境选品标准？,当供应成本、法规、运费、竞品或转化率显著变化时应重新评估。复评后同步更新售价、库存、承诺时效或合规材料。,为关键变更设置自动提醒和复核负责人。
选品与采购,差异化,跨境电商中，产品差异化设计是什么？,核心是围绕用户痛点形成可被看见、说清并交付的差异，如功能、组合、材质、包装或服务。跨境场景还要同时核对目的国要求、平台规则和实际履约能力。,将“产品差异化设计”纳入站点与SKU的上线清单。
选品与采购,差异化,为什么要重视产品差异化设计？,可证明的差异能提升转化和溢价，也降低完全依赖广告竞价的风险。决策不能只看短期成交，还要同步评估合规、履约和可持续利润。,在周度复盘中同时查看增长与风险指标。
选品与采购,差异化,如何建立产品差异化设计的最小执行清单？,先从竞品差评和问答中提炼痛点，先验证功能可行性与合规，再做样品对比。把结论写入可复查清单，未被证据支持的字段不作为上线依据。,先完成资料收集与逐项核对，再启动试运行。
选品与采购,差异化,如何用数据判断产品差异化设计是否有效？,重点观察差异卖点点击率、转化率、评价提及率、退款原因和价格溢价。指标应按站点、渠道和SKU拆分，避免总盘数据掩盖问题。,为相关指标设置固定口径、基线和预警阈值。
选品与采购,差异化,出现“卖点被用户误解，或产品升级带来质量和合规问题”时，怎样排查产品差异化设计？,先定位订单、SKU、站点和时间区间，再从“从竞品差评和问答中提炼痛点，先验证功能可行性与合规，再做样品对比”逐项回溯。对无法确认的事项应暂停放量。,建立异常工单，记录根因、责任人和关闭日期。
选品与采购,差异化,不同国家或平台下，产品差异化设计应如何调整？,差异的表达应适配当地语言与使用习惯，不能直接翻译国内卖点。不要把一个站点的设置直接复制到另一个站点。,建立按国家、平台和类目维护的规则版本。
选品与采购,差异化,新品推进产品差异化设计时，推荐的先后顺序是什么？,建议先确认痛点，再验证样品和证据，最后把卖点写入图片、标题和详情页。前一项未闭环前，不要扩大库存或广告投入。,把每个阶段的放行条件写入新品评审表。
选品与采购,差异化,关于产品差异化设计最常见的误区是什么？,常见误区是堆砌功能参数却没有用户可感知的使用收益。应以“围绕用户痛点形成可被看见、说清并交付的差异，如功能、组合、材质、包装或服务”作为验证标准。,在复盘中记录误区对应的损失与预防动作。
选品与采购,差异化,哪些记录能证明产品差异化设计已被正确执行？,应保留竞品评价归类、样品对比、测试记录、素材与用户访谈。记录要能对应SKU、订单或批次，并与平台或申报数据一致。,统一文件命名、版本与留存责任，便于抽查。
选品与采购,差异化,何时应重新评估产品差异化设计？,当差评集中到同一痛点，或同类竞品快速复制关键卖点时应重新评估。复评后同步更新售价、库存、承诺时效或合规材料。,为关键变更设置自动提醒和复核负责人。
选品与采购,供应商管理,跨境电商中，供应商准入是什么？,核心是以资质、产能、质量体系、交期、沟通、知识产权和可追溯性评估供应商，而不是只比较报价。跨境场景还要同时核对目的国要求、平台规则和实际履约能力。,将“供应商准入”纳入站点与SKU的上线清单。
选品与采购,供应商管理,为什么要重视供应商准入？,供应商是跨境交付、合规文件和质量稳定性的源头。决策不能只看短期成交，还要同步评估合规、履约和可持续利润。,在周度复盘中同时查看增长与风险指标。
选品与采购,供应商管理,如何建立供应商准入的最小执行清单？,先核验主体、工厂能力、样品质量、关键物料、认证支持和变更管理，再安排小单验证。把结论写入可复查清单，未被证据支持的字段不作为上线依据。,先完成资料收集与逐项核对，再启动试运行。
选品与采购,供应商管理,如何用数据判断供应商准入是否有效？,重点观察来料与成品不良率、准时交付率、补货周期、文件完整率和异常关闭时长。指标应按站点、渠道和SKU拆分，避免总盘数据掩盖问题。,为相关指标设置固定口径、基线和预警阈值。
选品与采购,供应商管理,出现“批次质量波动、交期失控或文件无法提供”时，怎样排查供应商准入？,先定位订单、SKU、站点和时间区间，再从“核验主体、工厂能力、样品质量、关键物料、认证支持和变更管理，再安排小单验证”逐项回溯。对无法确认的事项应暂停放量。,建立异常工单，记录根因、责任人和关闭日期。
选品与采购,供应商管理,不同国家或平台下，供应商准入应如何调整？,对高风险类目应增加第三方检测、产地与材料追溯等目的国所需核查。不要把一个站点的设置直接复制到另一个站点。,建立按国家、平台和类目维护的规则版本。
选品与采购,供应商管理,新品推进供应商准入时，推荐的先后顺序是什么？,建议先做文件与样品核验，再小单试产，稳定后才放大订单和独家承诺。前一项未闭环前，不要扩大库存或广告投入。,把每个阶段的放行条件写入新品评审表。
选品与采购,供应商管理,关于供应商准入最常见的误区是什么？,常见误区是把供应商平台评分当作全部尽调，未验证实际生产与文件能力。应以“以资质、产能、质量体系、交期、沟通、知识产权和可追溯性评估供应商，而不是只比较报价”作为验证标准。,在复盘中记录误区对应的损失与预防动作。
选品与采购,供应商管理,哪些记录能证明供应商准入已被正确执行？,应保留供应商档案、合同、样品确认、验货记录、认证和变更通知。记录要能对应SKU、订单或批次，并与平台或申报数据一致。,统一文件命名、版本与留存责任，便于抽查。
选品与采购,供应商管理,何时应重新评估供应商准入？,当关键物料、工厂、配方、工艺、产地或交期承诺发生变化时应重新评估。复评后同步更新售价、库存、承诺时效或合规材料。,为关键变更设置自动提醒和复核负责人。
选品与采购,样品与质检,跨境电商中，样品确认与验货是什么？,核心是用书面规格、批准样、检验标准和抽检结果把产品预期固定下来，并在出货前验证批次一致性。跨境场景还要同时核对目的国要求、平台规则和实际履约能力。,将“样品确认与验货”纳入站点与SKU的上线清单。
选品与采购,样品与质检,为什么要重视样品确认与验货？,它把主观沟通变成可判定的质量标准，降低跨境退货和申诉成本。决策不能只看短期成交，还要同步评估合规、履约和可持续利润。,在周度复盘中同时查看增长与风险指标。
选品与采购,样品与质检,如何建立样品确认与验货的最小执行清单？,先确认产品规格、包装、标签、功能、外观和安全项目，留存金样并按批次验货。把结论写入可复查清单，未被证据支持的字段不作为上线依据。,先完成资料收集与逐项核对，再启动试运行。
选品与采购,样品与质检,如何用数据判断样品确认与验货是否有效？,重点观察首检合格率、AQL不良率、到货破损率、客户质量退款率和返工率。指标应按站点、渠道和SKU拆分，避免总盘数据掩盖问题。,为相关指标设置固定口径、基线和预警阈值。
选品与采购,样品与质检,出现“样品合格而大货与样品不一致”时，怎样排查样品确认与验货？,先定位订单、SKU、站点和时间区间，再从“确认产品规格、包装、标签、功能、外观和安全项目，留存金样并按批次验货”逐项回溯。对无法确认的事项应暂停放量。,建立异常工单，记录根因、责任人和关闭日期。
选品与采购,样品与质检,不同国家或平台下，样品确认与验货应如何调整？,检验项目要覆盖目的国标签、安全、语言和运输风险，不能只看外观。不要把一个站点的设置直接复制到另一个站点。,建立按国家、平台和类目维护的规则版本。
选品与采购,样品与质检,新品推进样品确认与验货时，推荐的先后顺序是什么？,建议先锁定规格和金样，再试产检验，出货前验货合格后才放行。前一项未闭环前，不要扩大库存或广告投入。,把每个阶段的放行条件写入新品评审表。
选品与采购,样品与质检,关于样品确认与验货最常见的误区是什么？,常见误区是只在供应商发货后抽查，或把聊天截图当作质量标准。应以“用书面规格、批准样、检验标准和抽检结果把产品预期固定下来，并在出货前验证批次一致性”作为验证标准。,在复盘中记录误区对应的损失与预防动作。
选品与采购,样品与质检,哪些记录能证明样品确认与验货已被正确执行？,应保留规格书、金样照片、检验报告、批次号、整改与放行记录。记录要能对应SKU、订单或批次，并与平台或申报数据一致。,统一文件命名、版本与留存责任，便于抽查。
选品与采购,样品与质检,何时应重新评估样品确认与验货？,当投诉、破损、抽检失败或供应商变更关键物料时时应重新评估。复评后同步更新售价、库存、承诺时效或合规材料。,为关键变更设置自动提醒和复核负责人。
选品与采购,采购成本,跨境电商中，采购总成本核算是什么？,核心是按可售单位汇总采购、包装、质检、国内运输、国际物流、关税税费、平台费、广告和售后成本。跨境场景还要同时核对目的国要求、平台规则和实际履约能力。,将“采购总成本核算”纳入站点与SKU的上线清单。
选品与采购,采购成本,为什么要重视采购总成本核算？,只有总成本才能判断一个SKU在不同站点是否仍有可持续利润。决策不能只看短期成交，还要同步评估合规、履约和可持续利润。,在周度复盘中同时查看增长与风险指标。
选品与采购,采购成本,如何建立采购总成本核算的最小执行清单？,先建立SKU和站点双维成本表，并把固定费用与每件变动费用分开。把结论写入可复查清单，未被证据支持的字段不作为上线依据。,先完成资料收集与逐项核对，再启动试运行。
选品与采购,采购成本,如何用数据判断采购总成本核算是否有效？,重点观察单位贡献毛利、盈亏平衡售价、费用占比、退货成本和现金周转天数。指标应按站点、渠道和SKU拆分，避免总盘数据掩盖问题。,为相关指标设置固定口径、基线和预警阈值。
选品与采购,采购成本,出现“报价看似不变但实际利润持续下降”时，怎样排查采购总成本核算？,先定位订单、SKU、站点和时间区间，再从“建立SKU和站点双维成本表，并把固定费用与每件变动费用分开”逐项回溯。对无法确认的事项应暂停放量。,建立异常工单，记录根因、责任人和关闭日期。
选品与采购,采购成本,不同国家或平台下，采购总成本核算应如何调整？,成本要按目的国、仓配模式、贸易术语和币种分别测算。不要把一个站点的设置直接复制到另一个站点。,建立按国家、平台和类目维护的规则版本。
选品与采购,采购成本,新品推进采购总成本核算时，推荐的先后顺序是什么？,建议先核实采购与物流数据，再计算不同售价情景，最后决定备货和投放上限。前一项未闭环前，不要扩大库存或广告投入。,把每个阶段的放行条件写入新品评审表。
选品与采购,采购成本,关于采购总成本核算最常见的误区是什么？,常见误区是把税费、退款、移除费或汇兑损益留在表外。应以“按可售单位汇总采购、包装、质检、国内运输、国际物流、关税税费、平台费、广告和售后成本”作为验证标准。,在复盘中记录误区对应的损失与预防动作。
选品与采购,采购成本,哪些记录能证明采购总成本核算已被正确执行？,应保留供应商报价、物流账单、平台结算单、广告账单、退货与税费凭证。记录要能对应SKU、订单或批次，并与平台或申报数据一致。,统一文件命名、版本与留存责任，便于抽查。
选品与采购,采购成本,何时应重新评估采购总成本核算？,当运费、汇率、平台费、税率、退货率或售价变化超过预设阈值时应重新评估。复评后同步更新售价、库存、承诺时效或合规材料。,为关键变更设置自动提醒和复核负责人。
合规与知识产权,商品归类,跨境电商中，HS 编码是什么？,核心是HS编码是海关对商品进行归类的基础，影响关税、申报、监管要求和部分平台合规判断。跨境场景还要同时核对目的国要求、平台规则和实际履约能力。,将“HS 编码”纳入站点与SKU的上线清单。
合规与知识产权,商品归类,为什么要重视HS 编码？,错误归类会造成税费偏差、清关延误或处罚风险。决策不能只看短期成交，还要同步评估合规、履约和可持续利润。,在周度复盘中同时查看增长与风险指标。
合规与知识产权,商品归类,如何建立HS 编码的最小执行清单？,先基于商品材质、用途、结构和成分准备资料，向具备资质的专业人士或主管部门确认高风险品类编码。把结论写入可复查清单，未被证据支持的字段不作为上线依据。,先完成资料收集与逐项核对，再启动试运行。
合规与知识产权,商品归类,如何用数据判断HS 编码是否有效？,重点观察清关一次通过率、编码更正次数、税费差异和查验率。指标应按站点、渠道和SKU拆分，避免总盘数据掩盖问题。,为相关指标设置固定口径、基线和预警阈值。
合规与知识产权,商品归类,出现“被要求补充商品成分、用途或归类依据”时，怎样排查HS 编码？,先定位订单、SKU、站点和时间区间，再从“基于商品材质、用途、结构和成分准备资料，向具备资质的专业人士或主管部门确认高风险品类编码”逐项回溯。对无法确认的事项应暂停放量。,建立异常工单，记录根因、责任人和关闭日期。
合规与知识产权,商品归类,不同国家或平台下，HS 编码应如何调整？,同一商品在不同目的国的税则细分可能不同，应按进口国规则复核。不要把一个站点的设置直接复制到另一个站点。,建立按国家、平台和类目维护的规则版本。
合规与知识产权,商品归类,新品推进HS 编码时，推荐的先后顺序是什么？,建议先收集产品资料，再确认编码与税率，之后将编码同步到ERP、申报和商品档案。前一项未闭环前，不要扩大库存或广告投入。,把每个阶段的放行条件写入新品评审表。
合规与知识产权,商品归类,关于HS 编码最常见的误区是什么？,常见误区是按商品名称或竞品页面猜编码，不保留归类依据。应以“HS编码是海关对商品进行归类的基础，影响关税、申报、监管要求和部分平台合规判断”作为验证标准。,在复盘中记录误区对应的损失与预防动作。
合规与知识产权,商品归类,哪些记录能证明HS 编码已被正确执行？,应保留产品说明、材质成分、归类意见、报关记录和编码版本。记录要能对应SKU、订单或批次，并与平台或申报数据一致。,统一文件命名、版本与留存责任，便于抽查。
合规与知识产权,商品归类,何时应重新评估HS 编码？,当产品结构、材质、用途、进口国税则或监管规则变化时应重新评估。复评后同步更新售价、库存、承诺时效或合规材料。,为关键变更设置自动提醒和复核负责人。
合规与知识产权,原产地,跨境电商中，原产地信息是什么？,核心是原产地反映商品按适用规则被认定的生产来源，可能影响标签、优惠税率、贸易救济和平台要求。跨境场景还要同时核对目的国要求、平台规则和实际履约能力。,将“原产地信息”纳入站点与SKU的上线清单。
合规与知识产权,原产地,为什么要重视原产地信息？,它关系到申报真实性与关税待遇，不能把发货地当作原产地。决策不能只看短期成交，还要同步评估合规、履约和可持续利润。,在周度复盘中同时查看增长与风险指标。
合规与知识产权,原产地,如何建立原产地信息的最小执行清单？,先向供应商收集制造、加工和物料信息，按目的国规则核验并在系统中保持一致。把结论写入可复查清单，未被证据支持的字段不作为上线依据。,先完成资料收集与逐项核对，再启动试运行。
合规与知识产权,原产地,如何用数据判断原产地信息是否有效？,重点观察原产地文件完整率、申报更正率、优惠税率适用率和清关异常率。指标应按站点、渠道和SKU拆分，避免总盘数据掩盖问题。,为相关指标设置固定口径、基线和预警阈值。
合规与知识产权,原产地,出现“供应商无法说明生产地或文件与申报不一致”时，怎样排查原产地信息？,先定位订单、SKU、站点和时间区间，再从“向供应商收集制造、加工和物料信息，按目的国规则核验并在系统中保持一致”逐项回溯。对无法确认的事项应暂停放量。,建立异常工单，记录根因、责任人和关闭日期。
合规与知识产权,原产地,不同国家或平台下，原产地信息应如何调整？,原产地规则和证明要求因目的国、协定与商品而异，需要逐票或按规则复核。不要把一个站点的设置直接复制到另一个站点。,建立按国家、平台和类目维护的规则版本。
合规与知识产权,原产地,新品推进原产地信息时，推荐的先后顺序是什么？,建议先确认实际制造与加工，再决定申报和标签信息，最后留存支持材料。前一项未闭环前，不要扩大库存或广告投入。,把每个阶段的放行条件写入新品评审表。
合规与知识产权,原产地,关于原产地信息最常见的误区是什么？,常见误区是把仓库所在地、品牌注册地或卖家所在地当作原产地。应以“原产地反映商品按适用规则被认定的生产来源，可能影响标签、优惠税率、贸易救济和平台要求”作为验证标准。,在复盘中记录误区对应的损失与预防动作。
合规与知识产权,原产地,哪些记录能证明原产地信息已被正确执行？,应保留供应商声明、生产记录、原产地证据、申报单和标签样稿。记录要能对应SKU、订单或批次，并与平台或申报数据一致。,统一文件命名、版本与留存责任，便于抽查。
合规与知识产权,原产地,何时应重新评估原产地信息？,当生产工厂、关键加工环节、原材料来源或目的国规则发生改变时应重新评估。复评后同步更新售价、库存、承诺时效或合规材料。,为关键变更设置自动提醒和复核负责人。
合规与知识产权,产品安全,跨境电商中，产品安全与认证是什么？,核心是在上架和发货前识别商品在目的国适用的安全、测试、认证、责任人和技术文件要求。跨境场景还要同时核对目的国要求、平台规则和实际履约能力。,将“产品安全与认证”纳入站点与SKU的上线清单。
合规与知识产权,产品安全,为什么要重视产品安全与认证？,合规不是上架后的补救项，缺失材料可能导致扣货、下架、召回或账户风险。决策不能只看短期成交，还要同步评估合规、履约和可持续利润。,在周度复盘中同时查看增长与风险指标。
合规与知识产权,产品安全,如何建立产品安全与认证的最小执行清单？,先按商品、年龄段、材料、电气与化学属性建立要求清单，完成测试并核验报告适用性。把结论写入可复查清单，未被证据支持的字段不作为上线依据。,先完成资料收集与逐项核对，再启动试运行。
合规与知识产权,产品安全,如何用数据判断产品安全与认证是否有效？,重点观察材料齐备率、合规请求响应时长、下架率、检测不通过率和召回投诉。指标应按站点、渠道和SKU拆分，避免总盘数据掩盖问题。,为相关指标设置固定口径、基线和预警阈值。
合规与知识产权,产品安全,出现“平台发出合规请求或监管机构要求证明安全性”时，怎样排查产品安全与认证？,先定位订单、SKU、站点和时间区间，再从“按商品、年龄段、材料、电气与化学属性建立要求清单，完成测试并核验报告适用性”逐项回溯。对无法确认的事项应暂停放量。,建立异常工单，记录根因、责任人和关闭日期。
合规与知识产权,产品安全,不同国家或平台下，产品安全与认证应如何调整？,必须按具体商品和销售国确认，测试报告不能默认跨国或跨型号通用。不要把一个站点的设置直接复制到另一个站点。,建立按国家、平台和类目维护的规则版本。
合规与知识产权,产品安全,新品推进产品安全与认证时，推荐的先后顺序是什么？,建议先查要求，再完成测试和文件归档，确认标签与说明后才创建或激活商品。前一项未闭环前，不要扩大库存或广告投入。,把每个阶段的放行条件写入新品评审表。
合规与知识产权,产品安全,关于产品安全与认证最常见的误区是什么？,常见误区是只看供应商口头承诺，未核验报告对应的型号、标准和有效期。应以“在上架和发货前识别商品在目的国适用的安全、测试、认证、责任人和技术文件要求”作为验证标准。,在复盘中记录误区对应的损失与预防动作。
合规与知识产权,产品安全,哪些记录能证明产品安全与认证已被正确执行？,应保留测试报告、声明、风险评估、标签、说明书和责任人信息。记录要能对应SKU、订单或批次，并与平台或申报数据一致。,统一文件命名、版本与留存责任，便于抽查。
合规与知识产权,产品安全,何时应重新评估产品安全与认证？,当更换型号、材料、工厂、适用标准或销售国家时时应重新评估。复评后同步更新售价、库存、承诺时效或合规材料。,为关键变更设置自动提醒和复核负责人。
合规与知识产权,标签,跨境电商中，本地化标签与说明书是什么？,核心是标签和说明书应满足目的国对语言、成分、警示、尺寸单位、责任主体和回收信息等要求。跨境场景还要同时核对目的国要求、平台规则和实际履约能力。,将“本地化标签与说明书”纳入站点与SKU的上线清单。
合规与知识产权,标签,为什么要重视本地化标签与说明书？,标签错误会导致清关、平台审核和消费者安全沟通问题。决策不能只看短期成交，还要同步评估合规、履约和可持续利润。,在周度复盘中同时查看增长与风险指标。
合规与知识产权,标签,如何建立本地化标签与说明书的最小执行清单？,先根据商品与目的国生成标签清单，审校语言和单位，并在样品与大货上核对位置和可读性。把结论写入可复查清单，未被证据支持的字段不作为上线依据。,先完成资料收集与逐项核对，再启动试运行。
合规与知识产权,标签,如何用数据判断本地化标签与说明书是否有效？,重点观察标签一次通过率、因标签导致的拦截率、消费者误用投诉和返工率。指标应按站点、渠道和SKU拆分，避免总盘数据掩盖问题。,为相关指标设置固定口径、基线和预警阈值。
合规与知识产权,标签,出现“清关、平台或客户反馈标签缺项、翻译错误或不可读”时，怎样排查本地化标签与说明书？,先定位订单、SKU、站点和时间区间，再从“根据商品与目的国生成标签清单，审校语言和单位，并在样品与大货上核对位置和可读性”逐项回溯。对无法确认的事项应暂停放量。,建立异常工单，记录根因、责任人和关闭日期。
合规与知识产权,标签,不同国家或平台下，本地化标签与说明书应如何调整？,官方语言、计量单位、警示语和标识位置应按目的国及品类调整。不要把一个站点的设置直接复制到另一个站点。,建立按国家、平台和类目维护的规则版本。
合规与知识产权,标签,新品推进本地化标签与说明书时，推荐的先后顺序是什么？,建议先确定法规字段，再完成翻译与版面审核，最后在生产和出货前抽检。前一项未闭环前，不要扩大库存或广告投入。,把每个阶段的放行条件写入新品评审表。
合规与知识产权,标签,关于本地化标签与说明书最常见的误区是什么？,常见误区是只翻译标题或说明书，不检查标签与包装上的法定信息。应以“标签和说明书应满足目的国对语言、成分、警示、尺寸单位、责任主体和回收信息等要求”作为验证标准。,在复盘中记录误区对应的损失与预防动作。
合规与知识产权,标签,哪些记录能证明本地化标签与说明书已被正确执行？,应保留标签稿、翻译审校记录、实物照片、批准样和法规清单。记录要能对应SKU、订单或批次，并与平台或申报数据一致。,统一文件命名、版本与留存责任，便于抽查。
合规与知识产权,标签,何时应重新评估本地化标签与说明书？,当商品配方、规格、销售国、责任人、法规或包装版式改变时应重新评估。复评后同步更新售价、库存、承诺时效或合规材料。,为关键变更设置自动提醒和复核负责人。
合规与知识产权,知识产权,跨境电商中，商标与专利风险是什么？,核心是在选品、命名、图片和上架前排查商标、专利、版权与外观设计风险，并使用自有或有授权的内容。跨境场景还要同时核对目的国要求、平台规则和实际履约能力。,将“商标与专利风险”纳入站点与SKU的上线清单。
合规与知识产权,知识产权,为什么要重视商标与专利风险？,侵权纠纷会造成商品下架、资金冻结、赔偿或账号处罚。决策不能只看短期成交，还要同步评估合规、履约和可持续利润。,在周度复盘中同时查看增长与风险指标。
合规与知识产权,知识产权,如何建立商标与专利风险的最小执行清单？,先检索目标市场的商标与专利信息，核验供应商授权，避免复制竞品图片、文案和包装。把结论写入可复查清单，未被证据支持的字段不作为上线依据。,先完成资料收集与逐项核对，再启动试运行。
合规与知识产权,知识产权,如何用数据判断商标与专利风险是否有效？,重点观察侵权投诉率、下架次数、授权文件完整率和处理周期。指标应按站点、渠道和SKU拆分，避免总盘数据掩盖问题。,为相关指标设置固定口径、基线和预警阈值。
合规与知识产权,知识产权,出现“收到权利人投诉、平台通知或发现相似标识与外观”时，怎样排查商标与专利风险？,先定位订单、SKU、站点和时间区间，再从“检索目标市场的商标与专利信息，核验供应商授权，避免复制竞品图片、文案和包装”逐项回溯。对无法确认的事项应暂停放量。,建立异常工单，记录根因、责任人和关闭日期。
合规与知识产权,知识产权,不同国家或平台下，商标与专利风险应如何调整？,权利范围按国家或地区存在差异，注册或可售不等于在所有市场可安全使用。不要把一个站点的设置直接复制到另一个站点。,建立按国家、平台和类目维护的规则版本。
合规与知识产权,知识产权,新品推进商标与专利风险时，推荐的先后顺序是什么？,建议先检索并确定品牌元素，再确认供应链授权，最后制作商品与广告素材。前一项未闭环前，不要扩大库存或广告投入。,把每个阶段的放行条件写入新品评审表。
合规与知识产权,知识产权,关于商标与专利风险最常见的误区是什么？,常见误区是以为供应商供货就自动包含品牌、图片或专利授权。应以“在选品、命名、图片和上架前排查商标、专利、版权与外观设计风险，并使用自有或有授权的内容”作为验证标准。,在复盘中记录误区对应的损失与预防动作。
合规与知识产权,知识产权,哪些记录能证明商标与专利风险已被正确执行？,应保留检索报告、授权书、设计源文件、采购合同和申诉材料。记录要能对应SKU、订单或批次，并与平台或申报数据一致。,统一文件命名、版本与留存责任，便于抽查。
合规与知识产权,知识产权,何时应重新评估商标与专利风险？,当进入新市场、推出新外观或名称、收到投诉或竞品权利状态变化时应重新评估。复评后同步更新售价、库存、承诺时效或合规材料。,为关键变更设置自动提醒和复核负责人。
合规与知识产权,禁限售,跨境电商中，受限商品与危险品识别是什么？,核心是根据商品成分、用途、电池、液体、磁性、儿童属性等识别平台与运输渠道的禁限售、危险品和特殊处理要求。跨境场景还要同时核对目的国要求、平台规则和实际履约能力。,将“受限商品与危险品识别”纳入站点与SKU的上线清单。
合规与知识产权,禁限售,为什么要重视受限商品与危险品识别？,错误识别会导致拒收、仓储限制、运输事故或账户处罚。决策不能只看短期成交，还要同步评估合规、履约和可持续利润。,在周度复盘中同时查看增长与风险指标。
合规与知识产权,禁限售,如何建立受限商品与危险品识别的最小执行清单？,先在采购前收集SDS、成分、容量、功率和电池资料，并向平台、承运商确认可否运输和入仓。把结论写入可复查清单，未被证据支持的字段不作为上线依据。,先完成资料收集与逐项核对，再启动试运行。
合规与知识产权,禁限售,如何用数据判断受限商品与危险品识别是否有效？,重点观察拒收率、危险品审核通过率、运输异常率和合规整改时长。指标应按站点、渠道和SKU拆分，避免总盘数据掩盖问题。,为相关指标设置固定口径、基线和预警阈值。
合规与知识产权,禁限售,出现“仓库拒收、航司限制或平台要求补充危险品资料”时，怎样排查受限商品与危险品识别？,先定位订单、SKU、站点和时间区间，再从“在采购前收集SDS、成分、容量、功率和电池资料，并向平台、承运商确认可否运输和入仓”逐项回溯。对无法确认的事项应暂停放量。,建立异常工单，记录根因、责任人和关闭日期。
合规与知识产权,禁限售,不同国家或平台下，受限商品与危险品识别应如何调整？,同一商品在不同平台、仓库、运输方式和国家可能有不同限制。不要把一个站点的设置直接复制到另一个站点。,建立按国家、平台和类目维护的规则版本。
合规与知识产权,禁限售,新品推进受限商品与危险品识别时，推荐的先后顺序是什么？,建议先识别属性并提交资料，再选物流方案和包装，最后安排入仓或发货。前一项未闭环前，不要扩大库存或广告投入。,把每个阶段的放行条件写入新品评审表。
合规与知识产权,禁限售,关于受限商品与危险品识别最常见的误区是什么？,常见误区是只按普通货报价与发货，忽略电池、液体或化学品属性。应以“根据商品成分、用途、电池、液体、磁性、儿童属性等识别平台与运输渠道的禁限售、危险品和特殊处理要求”作为验证标准。,在复盘中记录误区对应的损失与预防动作。
合规与知识产权,禁限售,哪些记录能证明受限商品与危险品识别已被正确执行？,应保留SDS、运输鉴定、危险品审核、包装照片和承运商确认。记录要能对应SKU、订单或批次，并与平台或申报数据一致。,统一文件命名、版本与留存责任，便于抽查。
合规与知识产权,禁限售,何时应重新评估受限商品与危险品识别？,当成分、电池规格、运输方式、目的地或平台规则变更时应重新评估。复评后同步更新售价、库存、承诺时效或合规材料。,为关键变更设置自动提醒和复核负责人。
合规与知识产权,生产者责任,跨境电商中，包装与 EPR 责任是什么？,核心是部分市场要求对包装、电子电器、电池等承担生产者延伸责任，可能涉及注册、申报、回收或标识。跨境场景还要同时核对目的国要求、平台规则和实际履约能力。,将“包装与 EPR 责任”纳入站点与SKU的上线清单。
合规与知识产权,生产者责任,为什么要重视包装与 EPR 责任？,未识别责任会影响商品上架、清关和长期合规成本。决策不能只看短期成交，还要同步评估合规、履约和可持续利润。,在周度复盘中同时查看增长与风险指标。
合规与知识产权,生产者责任,如何建立包装与 EPR 责任的最小执行清单？,先按目的国和品类确认责任主体、注册号、申报周期、回收费用与包装数据口径。把结论写入可复查清单，未被证据支持的字段不作为上线依据。,先完成资料收集与逐项核对，再启动试运行。
合规与知识产权,生产者责任,如何用数据判断包装与 EPR 责任是否有效？,重点观察注册完成率、申报准时率、包装数据准确率和合规费用偏差。指标应按站点、渠道和SKU拆分，避免总盘数据掩盖问题。,为相关指标设置固定口径、基线和预警阈值。
合规与知识产权,生产者责任,出现“平台要求提供注册号，或发现包装材料数据缺失”时，怎样排查包装与 EPR 责任？,先定位订单、SKU、站点和时间区间，再从“按目的国和品类确认责任主体、注册号、申报周期、回收费用与包装数据口径”逐项回溯。对无法确认的事项应暂停放量。,建立异常工单，记录根因、责任人和关闭日期。
合规与知识产权,生产者责任,不同国家或平台下，包装与 EPR 责任应如何调整？,EPR制度按国家、品类和销售模式不同，不能用一个注册号覆盖所有市场。不要把一个站点的设置直接复制到另一个站点。,建立按国家、平台和类目维护的规则版本。
合规与知识产权,生产者责任,新品推进包装与 EPR 责任时，推荐的先后顺序是什么？,建议先确认适用义务，再登记与建立包装数据台账，随后把费用纳入SKU利润。前一项未闭环前，不要扩大库存或广告投入。,把每个阶段的放行条件写入新品评审表。
合规与知识产权,生产者责任,关于包装与 EPR 责任最常见的误区是什么？,常见误区是把包装责任视为物流问题，未纳入销售国合规管理。应以“部分市场要求对包装、电子电器、电池等承担生产者延伸责任，可能涉及注册、申报、回收或标识”作为验证标准。,在复盘中记录误区对应的损失与预防动作。
合规与知识产权,生产者责任,哪些记录能证明包装与 EPR 责任已被正确执行？,应保留注册凭证、申报回执、包装材料清单、销售数据和缴费记录。记录要能对应SKU、订单或批次，并与平台或申报数据一致。,统一文件命名、版本与留存责任，便于抽查。
合规与知识产权,生产者责任,何时应重新评估包装与 EPR 责任？,当进入新国、增加品类、包装改版、销量大幅增长或申报周期临近时应重新评估。复评后同步更新售价、库存、承诺时效或合规材料。,为关键变更设置自动提醒和复核负责人。
合规与知识产权,税务合规,跨境电商中，VAT、OSS 与 IOSS是什么？,核心是欧盟跨境B2C交易可能涉及目的国VAT以及OSS或IOSS等申报机制，适用条件取决于货物位置、价值和交易结构。跨境场景还要同时核对目的国要求、平台规则和实际履约能力。,将“VAT、OSS 与 IOSS”纳入站点与SKU的上线清单。
合规与知识产权,税务合规,为什么要重视VAT、OSS 与 IOSS？,正确处理税费可减少客户到付争议、清关延误与多国重复注册风险。决策不能只看短期成交，还要同步评估合规、履约和可持续利润。,在周度复盘中同时查看增长与风险指标。
合规与知识产权,税务合规,如何建立VAT、OSS 与 IOSS的最小执行清单？,先先确认库存所在地、销售路径、单票内在价值、是否适用IOSS或OSS，再按专业意见登记和申报。把结论写入可复查清单，未被证据支持的字段不作为上线依据。,先完成资料收集与逐项核对，再启动试运行。
合规与知识产权,税务合规,如何用数据判断VAT、OSS 与 IOSS是否有效？,重点观察申报准时率、税费差异、到付投诉、清关异常与税号有效性。指标应按站点、渠道和SKU拆分，避免总盘数据掩盖问题。,为相关指标设置固定口径、基线和预警阈值。
合规与知识产权,税务合规,出现“订单税费显示与清关税费不一致，或税号被判无效”时，怎样排查VAT、OSS 与 IOSS？,先定位订单、SKU、站点和时间区间，再从“先确认库存所在地、销售路径、单票内在价值、是否适用IOSS或OSS，再按专业意见登记和申报”逐项回溯。对无法确认的事项应暂停放量。,建立异常工单，记录根因、责任人和关闭日期。
合规与知识产权,税务合规,不同国家或平台下，VAT、OSS 与 IOSS应如何调整？,IOSS适用范围与本地库存销售不同，且各国执行细节需按官方与专业意见复核。不要把一个站点的设置直接复制到另一个站点。,建立按国家、平台和类目维护的规则版本。
合规与知识产权,税务合规,新品推进VAT、OSS 与 IOSS时，推荐的先后顺序是什么？,建议先判断交易结构，再确定税务登记和结算展示，最后与物流申报数据对账。前一项未闭环前，不要扩大库存或广告投入。,把每个阶段的放行条件写入新品评审表。
合规与知识产权,税务合规,关于VAT、OSS 与 IOSS最常见的误区是什么？,常见误区是把IOSS当作所有欧盟订单的通用税号，或忽略本地仓库存的税务影响。应以“欧盟跨境B2C交易可能涉及目的国VAT以及OSS或IOSS等申报机制，适用条件取决于货物位置、价值和交易结构”作为验证标准。,在复盘中记录误区对应的损失与预防动作。
合规与知识产权,税务合规,哪些记录能证明VAT、OSS 与 IOSS已被正确执行？,应保留税号、申报回执、订单税费、物流申报、销售台账和顾问意见。记录要能对应SKU、订单或批次，并与平台或申报数据一致。,统一文件命名、版本与留存责任，便于抽查。
合规与知识产权,税务合规,何时应重新评估VAT、OSS 与 IOSS？,当库存地、商品价值、交易路径、税率或税务规则变化时应重新评估。复评后同步更新售价、库存、承诺时效或合规材料。,为关键变更设置自动提醒和复核负责人。
合规与知识产权,中国海关,跨境电商中，三单与申报数据是什么？,核心是跨境电商零售进出口应按要求传输交易、收款、物流等电子信息，并保证数据真实一致。跨境场景还要同时核对目的国要求、平台规则和实际履约能力。,将“三单与申报数据”纳入站点与SKU的上线清单。
合规与知识产权,中国海关,为什么要重视三单与申报数据？,数据链路是合规申报、统计与税务处理的基础，不一致会增加查验与更正风险。决策不能只看短期成交，还要同步评估合规、履约和可持续利润。,在周度复盘中同时查看增长与风险指标。
合规与知识产权,中国海关,如何建立三单与申报数据的最小执行清单？,先统一订单号、商品编码、金额、币种、收付款和运单字段，建立平台、支付、物流之间的核对机制。把结论写入可复查清单，未被证据支持的字段不作为上线依据。,先完成资料收集与逐项核对，再启动试运行。
合规与知识产权,中国海关,如何用数据判断三单与申报数据是否有效？,重点观察三单匹配率、申报成功率、更正率、数据延迟和异常工单时长。指标应按站点、渠道和SKU拆分，避免总盘数据掩盖问题。,为相关指标设置固定口径、基线和预警阈值。
合规与知识产权,中国海关,出现“订单、收款、物流或申报金额和状态无法对应”时，怎样排查三单与申报数据？,先定位订单、SKU、站点和时间区间，再从“统一订单号、商品编码、金额、币种、收付款和运单字段，建立平台、支付、物流之间的核对机制”逐项回溯。对无法确认的事项应暂停放量。,建立异常工单，记录根因、责任人和关闭日期。
合规与知识产权,中国海关,不同国家或平台下，三单与申报数据应如何调整？,监管方式、主体登记和归并规则应按实际业务与海关最新要求执行。不要把一个站点的设置直接复制到另一个站点。,建立按国家、平台和类目维护的规则版本。
合规与知识产权,中国海关,新品推进三单与申报数据时，推荐的先后顺序是什么？,建议先完成主体与系统对接，再做字段映射与试申报，稳定后进入常态化对账。前一项未闭环前，不要扩大库存或广告投入。,把每个阶段的放行条件写入新品评审表。
合规与知识产权,中国海关,关于三单与申报数据最常见的误区是什么？,常见误区是只在月底补数据，未在订单履约过程中校验真实一致性。应以“跨境电商零售进出口应按要求传输交易、收款、物流等电子信息，并保证数据真实一致”作为验证标准。,在复盘中记录误区对应的损失与预防动作。
合规与知识产权,中国海关,哪些记录能证明三单与申报数据已被正确执行？,应保留订单、支付流水、运单、申报清单、报关单与对账记录。记录要能对应SKU、订单或批次，并与平台或申报数据一致。,统一文件命名、版本与留存责任，便于抽查。
合规与知识产权,中国海关,何时应重新评估三单与申报数据？,当系统接口、商品编码、主体、监管方式或海关规则调整时应重新评估。复评后同步更新售价、库存、承诺时效或合规材料。,为关键变更设置自动提醒和复核负责人。
定价、税费与利润,贸易术语,跨境电商中，DDP 与 DAP 选择是什么？,核心是DDP通常由卖方承担进口相关成本并在结账或报价中预收，DAP通常由买方在交付时承担进口成本；实际责任应以约定和当地规则确认。跨境场景还要同时核对目的国要求、平台规则和实际履约能力。,将“DDP 与 DAP 选择”纳入站点与SKU的上线清单。
定价、税费与利润,贸易术语,为什么要重视DDP 与 DAP 选择？,术语影响客户总价体验、清关责任、拒收风险和利润核算。决策不能只看短期成交，还要同步评估合规、履约和可持续利润。,在周度复盘中同时查看增长与风险指标。
定价、税费与利润,贸易术语,如何建立DDP 与 DAP 选择的最小执行清单？,先比较目的国税费、承运商收费、清关能力和客户期望，并把责任写入结账页与订单条款。把结论写入可复查清单，未被证据支持的字段不作为上线依据。,先完成资料收集与逐项核对，再启动试运行。
定价、税费与利润,贸易术语,如何用数据判断DDP 与 DAP 选择是否有效？,重点观察到付拒收率、税费差异、清关时效、退款率和单位利润。指标应按站点、渠道和SKU拆分，避免总盘数据掩盖问题。,为相关指标设置固定口径、基线和预警阈值。
定价、税费与利润,贸易术语,出现“客户因税费到付拒收，或承运商额外收费超出预期”时，怎样排查DDP 与 DAP 选择？,先定位订单、SKU、站点和时间区间，再从“比较目的国税费、承运商收费、清关能力和客户期望，并把责任写入结账页与订单条款”逐项回溯。对无法确认的事项应暂停放量。,建立异常工单，记录根因、责任人和关闭日期。
定价、税费与利润,贸易术语,不同国家或平台下，DDP 与 DAP 选择应如何调整？,应结合目的国税制、承运商能力、货值和平台可配置方式选择，不能仅凭低运费决定。不要把一个站点的设置直接复制到另一个站点。,建立按国家、平台和类目维护的规则版本。
定价、税费与利润,贸易术语,新品推进DDP 与 DAP 选择时，推荐的先后顺序是什么？,建议先确认税费和责任，再设计结账展示与物流服务，最后小范围验证账单一致性。前一项未闭环前，不要扩大库存或广告投入。,把每个阶段的放行条件写入新品评审表。
定价、税费与利润,贸易术语,关于DDP 与 DAP 选择最常见的误区是什么？,常见误区是把DDP理解为只要包邮，未核算税费、代垫和清关费用。应以“DDP通常由卖方承担进口相关成本并在结账或报价中预收，DAP通常由买方在交付时承担进口成本；实际责任应以约定和当地规则确认”作为验证标准。,在复盘中记录误区对应的损失与预防动作。
定价、税费与利润,贸易术语,哪些记录能证明DDP 与 DAP 选择已被正确执行？,应保留贸易术语约定、税费测算、结账截图、物流账单和客户通知。记录要能对应SKU、订单或批次，并与平台或申报数据一致。,统一文件命名、版本与留存责任，便于抽查。
定价、税费与利润,贸易术语,何时应重新评估DDP 与 DAP 选择？,当税费、承运商费用、目的国政策或拒收率发生明显变化时应重新评估。复评后同步更新售价、库存、承诺时效或合规材料。,为关键变更设置自动提醒和复核负责人。
定价、税费与利润,售价,跨境电商中，站点售价设定是什么？,核心是售价应覆盖单位总成本并为促销、广告、退款、汇兑和目标利润留出空间，同时符合当地价格认知。跨境场景还要同时核对目的国要求、平台规则和实际履约能力。,将“站点售价设定”纳入站点与SKU的上线清单。
定价、税费与利润,售价,为什么要重视站点售价设定？,跨境售价不是汇率换算，税费、配送与支付体验会改变客户感知的总价。决策不能只看短期成交，还要同步评估合规、履约和可持续利润。,在周度复盘中同时查看增长与风险指标。
定价、税费与利润,售价,如何建立站点售价设定的最小执行清单？,先用SKU成本、税费、平台费、物流、广告和退款情景计算最低可售价与目标价。把结论写入可复查清单，未被证据支持的字段不作为上线依据。,先完成资料收集与逐项核对，再启动试运行。
定价、税费与利润,售价,如何用数据判断站点售价设定是否有效？,重点观察单位贡献毛利、价格带转化率、广告后利润、退款率和价格竞争位置。指标应按站点、渠道和SKU拆分，避免总盘数据掩盖问题。,为相关指标设置固定口径、基线和预警阈值。
定价、税费与利润,售价,出现“销量增长但广告后或退款后利润为负”时，怎样排查站点售价设定？,先定位订单、SKU、站点和时间区间，再从“用SKU成本、税费、平台费、物流、广告和退款情景计算最低可售价与目标价”逐项回溯。对无法确认的事项应暂停放量。,建立异常工单，记录根因、责任人和关闭日期。
定价、税费与利润,售价,不同国家或平台下，站点售价设定应如何调整？,应以本地货币、含税或未税展示习惯及竞品价格带分别设价。不要把一个站点的设置直接复制到另一个站点。,建立按国家、平台和类目维护的规则版本。
定价、税费与利润,售价,新品推进站点售价设定时，推荐的先后顺序是什么？,建议先完成成本底线，再测试价格带和内容价值，最后设置促销边界。前一项未闭环前，不要扩大库存或广告投入。,把每个阶段的放行条件写入新品评审表。
定价、税费与利润,售价,关于站点售价设定最常见的误区是什么？,常见误区是用国内售价乘汇率，未把目的国税费和履约成本纳入。应以“售价应覆盖单位总成本并为促销、广告、退款、汇兑和目标利润留出空间，同时符合当地价格认知”作为验证标准。,在复盘中记录误区对应的损失与预防动作。
定价、税费与利润,售价,哪些记录能证明站点售价设定已被正确执行？,应保留价格表、成本模型、竞品截图、促销规则和结算单。记录要能对应SKU、订单或批次，并与平台或申报数据一致。,统一文件命名、版本与留存责任，便于抽查。
定价、税费与利润,售价,何时应重新评估站点售价设定？,当费用、汇率、税率、竞品价格或转化率跨越预设阈值时应重新评估。复评后同步更新售价、库存、承诺时效或合规材料。,为关键变更设置自动提醒和复核负责人。
定价、税费与利润,利润,跨境电商中，单位贡献毛利是什么？,核心是单位贡献毛利是单件销售收入扣除随订单变化的采购、履约、平台、支付、广告和售后等成本后的剩余。跨境场景还要同时核对目的国要求、平台规则和实际履约能力。,将“单位贡献毛利”纳入站点与SKU的上线清单。
定价、税费与利润,利润,为什么要重视单位贡献毛利？,它比表面毛利更适合判断跨境SKU是否值得持续投放和补货。决策不能只看短期成交，还要同步评估合规、履约和可持续利润。,在周度复盘中同时查看增长与风险指标。
定价、税费与利润,利润,如何建立单位贡献毛利的最小执行清单？,先按订单或SKU拆分收入与变动成本，明确哪些费用在发生退款时仍会保留。把结论写入可复查清单，未被证据支持的字段不作为上线依据。,先完成资料收集与逐项核对，再启动试运行。
定价、税费与利润,利润,如何用数据判断单位贡献毛利是否有效？,重点观察广告后贡献毛利、贡献毛利率、盈亏平衡订单量和退款后利润。指标应按站点、渠道和SKU拆分，避免总盘数据掩盖问题。,为相关指标设置固定口径、基线和预警阈值。
定价、税费与利润,利润,出现“销售额上升但现金流或净收益变差”时，怎样排查单位贡献毛利？,先定位订单、SKU、站点和时间区间，再从“按订单或SKU拆分收入与变动成本，明确哪些费用在发生退款时仍会保留”逐项回溯。对无法确认的事项应暂停放量。,建立异常工单，记录根因、责任人和关闭日期。
定价、税费与利润,利润,不同国家或平台下，单位贡献毛利应如何调整？,不同站点、履约模式和税费承担方式必须单独核算，不能用平均成本替代。不要把一个站点的设置直接复制到另一个站点。,建立按国家、平台和类目维护的规则版本。
定价、税费与利润,利润,新品推进单位贡献毛利时，推荐的先后顺序是什么？,建议先统一成本口径，再测算基准与压力情景，最后据此设置投放和补货上限。前一项未闭环前，不要扩大库存或广告投入。,把每个阶段的放行条件写入新品评审表。
定价、税费与利润,利润,关于单位贡献毛利最常见的误区是什么？,常见误区是只扣采购价和平台佣金，把运费、退货、广告和汇损当作偶发项。应以“单位贡献毛利是单件销售收入扣除随订单变化的采购、履约、平台、支付、广告和售后等成本后的剩余”作为验证标准。,在复盘中记录误区对应的损失与预防动作。
定价、税费与利润,利润,哪些记录能证明单位贡献毛利已被正确执行？,应保留成本口径说明、账单明细、订单级利润表、退款与广告数据。记录要能对应SKU、订单或批次，并与平台或申报数据一致。,统一文件命名、版本与留存责任，便于抽查。
定价、税费与利润,利润,何时应重新评估单位贡献毛利？,当新增费用、履约模式变动、退货率上升或利润偏离目标时应重新评估。复评后同步更新售价、库存、承诺时效或合规材料。,为关键变更设置自动提醒和复核负责人。
定价、税费与利润,汇率,跨境电商中，汇率与结算风险是什么？,核心是跨币种报价、收款、采购和结算之间存在时间差，汇率变化会改变实际收入和成本。跨境场景还要同时核对目的国要求、平台规则和实际履约能力。,将“汇率与结算风险”纳入站点与SKU的上线清单。
定价、税费与利润,汇率,为什么要重视汇率与结算风险？,未管理汇率会让看似盈利的订单在结算时出现利润偏差。决策不能只看短期成交，还要同步评估合规、履约和可持续利润。,在周度复盘中同时查看增长与风险指标。
定价、税费与利润,汇率,如何建立汇率与结算风险的最小执行清单？,先列出报价币种、收款币种、采购币种和结算日期，计算汇率敏感性并设置复核阈值。把结论写入可复查清单，未被证据支持的字段不作为上线依据。,先完成资料收集与逐项核对，再启动试运行。
定价、税费与利润,汇率,如何用数据判断汇率与结算风险是否有效？,重点观察实际汇兑损益、结算差异、报价有效期和币种敞口。指标应按站点、渠道和SKU拆分，避免总盘数据掩盖问题。,为相关指标设置固定口径、基线和预警阈值。
定价、税费与利润,汇率,出现“结算到账金额低于预期，或供应商付款成本突然上升”时，怎样排查汇率与结算风险？,先定位订单、SKU、站点和时间区间，再从“列出报价币种、收款币种、采购币种和结算日期，计算汇率敏感性并设置复核阈值”逐项回溯。对无法确认的事项应暂停放量。,建立异常工单，记录根因、责任人和关闭日期。
定价、税费与利润,汇率,不同国家或平台下，汇率与结算风险应如何调整？,应结合各币种收付节奏、平台结算周期和可用的合规金融工具安排，不作无依据的预测。不要把一个站点的设置直接复制到另一个站点。,建立按国家、平台和类目维护的规则版本。
定价、税费与利润,汇率,新品推进汇率与结算风险时，推荐的先后顺序是什么？,建议先画出币种现金流，再设置报价与换汇规则，最后按结算单复盘偏差。前一项未闭环前，不要扩大库存或广告投入。,把每个阶段的放行条件写入新品评审表。
定价、税费与利润,汇率,关于汇率与结算风险最常见的误区是什么？,常见误区是只看下单当日汇率，不看实际结算日与渠道换汇费用。应以“跨币种报价、收款、采购和结算之间存在时间差，汇率变化会改变实际收入和成本”作为验证标准。,在复盘中记录误区对应的损失与预防动作。
定价、税费与利润,汇率,哪些记录能证明汇率与结算风险已被正确执行？,应保留报价单、汇率记录、收款结算单、付款凭证和敏感性测算。记录要能对应SKU、订单或批次，并与平台或申报数据一致。,统一文件命名、版本与留存责任，便于抽查。
定价、税费与利润,汇率,何时应重新评估汇率与结算风险？,当汇率、结算周期、币种结构或费用模型发生明显变化时应重新评估。复评后同步更新售价、库存、承诺时效或合规材料。,为关键变更设置自动提醒和复核负责人。
定价、税费与利润,税费预算,跨境电商中，关税与进口税预算是什么？,核心是关税和进口税应按商品归类、原产地、货值、目的国规则与贸易术语进行测算，并与实际清关账单核对。跨境场景还要同时核对目的国要求、平台规则和实际履约能力。,将“关税与进口税预算”纳入站点与SKU的上线清单。
定价、税费与利润,税费预算,为什么要重视关税与进口税预算？,税费误差会直接压缩利润，也会造成客户到付纠纷。决策不能只看短期成交，还要同步评估合规、履约和可持续利润。,在周度复盘中同时查看增长与风险指标。
定价、税费与利润,税费预算,如何建立关税与进口税预算的最小执行清单？,先确认HS编码、原产地、货值和税率来源，按DDP或DAP分别测算并设差异预警。把结论写入可复查清单，未被证据支持的字段不作为上线依据。,先完成资料收集与逐项核对，再启动试运行。
定价、税费与利润,税费预算,如何用数据判断关税与进口税预算是否有效？,重点观察预算与实际税费差异、清关补税、客户到付投诉和税费占收入比例。指标应按站点、渠道和SKU拆分，避免总盘数据掩盖问题。,为相关指标设置固定口径、基线和预警阈值。
定价、税费与利润,税费预算,出现“税费高于预算、被补税或客户拒绝支付到付费用”时，怎样排查关税与进口税预算？,先定位订单、SKU、站点和时间区间，再从“确认HS编码、原产地、货值和税率来源，按DDP或DAP分别测算并设差异预警”逐项回溯。对无法确认的事项应暂停放量。,建立异常工单，记录根因、责任人和关闭日期。
定价、税费与利润,税费预算,不同国家或平台下，关税与进口税预算应如何调整？,各目的国的低值门槛、税率和征收方式不同，不能套用单一国家经验。不要把一个站点的设置直接复制到另一个站点。,建立按国家、平台和类目维护的规则版本。
定价、税费与利润,税费预算,新品推进关税与进口税预算时，推荐的先后顺序是什么？,建议先核实归类与原产地，再测算税费，最后把结果写入定价和结账展示。前一项未闭环前，不要扩大库存或广告投入。,把每个阶段的放行条件写入新品评审表。
定价、税费与利润,税费预算,关于关税与进口税预算最常见的误区是什么？,常见误区是把关税与VAT混为一项，或用模糊的平均税率长期报价。应以“关税和进口税应按商品归类、原产地、货值、目的国规则与贸易术语进行测算，并与实际清关账单核对”作为验证标准。,在复盘中记录误区对应的损失与预防动作。
定价、税费与利润,税费预算,哪些记录能证明关税与进口税预算已被正确执行？,应保留税率依据、归类资料、原产地文件、税费测算和清关账单。记录要能对应SKU、订单或批次，并与平台或申报数据一致。,统一文件命名、版本与留存责任，便于抽查。
定价、税费与利润,税费预算,何时应重新评估关税与进口税预算？,当税则、原产地、货值、贸易术语或目的国规则变化时应重新评估。复评后同步更新售价、库存、承诺时效或合规材料。,为关键变更设置自动提醒和复核负责人。
定价、税费与利润,促销,跨境电商中，促销底线是什么？,核心是为折扣、优惠券、满减和赠品设置基于单位贡献毛利的最低价格与预算上限。跨境场景还要同时核对目的国要求、平台规则和实际履约能力。,将“促销底线”纳入站点与SKU的上线清单。
定价、税费与利润,促销,为什么要重视促销底线？,没有底线的促销可能放大销量却加剧亏损和低价预期。决策不能只看短期成交，还要同步评估合规、履约和可持续利润。,在周度复盘中同时查看增长与风险指标。
定价、税费与利润,促销,如何建立促销底线的最小执行清单？,先按SKU计算促销前后收入、平台费、广告、履约和退款情景，设定可审批的最低成交价。把结论写入可复查清单，未被证据支持的字段不作为上线依据。,先完成资料收集与逐项核对，再启动试运行。
定价、税费与利润,促销,如何用数据判断促销底线是否有效？,重点观察促销期贡献毛利、增量订单、客单价、复购率和退款率。指标应按站点、渠道和SKU拆分，避免总盘数据掩盖问题。,为相关指标设置固定口径、基线和预警阈值。
定价、税费与利润,促销,出现“促销带来大量低利润订单或常客延后正常购买”时，怎样排查促销底线？,先定位订单、SKU、站点和时间区间，再从“按SKU计算促销前后收入、平台费、广告、履约和退款情景，设定可审批的最低成交价”逐项回溯。对无法确认的事项应暂停放量。,建立异常工单，记录根因、责任人和关闭日期。
定价、税费与利润,促销,不同国家或平台下，促销底线应如何调整？,不同站点应考虑当地税费展示、平台促销规则和价格敏感度。不要把一个站点的设置直接复制到另一个站点。,建立按国家、平台和类目维护的规则版本。
定价、税费与利润,促销,新品推进促销底线时，推荐的先后顺序是什么？,建议先设利润底线，再选择促销机制，之后用小范围活动验证增量。前一项未闭环前，不要扩大库存或广告投入。,把每个阶段的放行条件写入新品评审表。
定价、税费与利润,促销,关于促销底线最常见的误区是什么？,常见误区是只看GMV或订单量，不比较活动前后的增量利润。应以“为折扣、优惠券、满减和赠品设置基于单位贡献毛利的最低价格与预算上限”作为验证标准。,在复盘中记录误区对应的损失与预防动作。
定价、税费与利润,促销,哪些记录能证明促销底线已被正确执行？,应保留促销方案、成本测算、活动报表、价格历史和审批记录。记录要能对应SKU、订单或批次，并与平台或申报数据一致。,统一文件命名、版本与留存责任，便于抽查。
定价、税费与利润,促销,何时应重新评估促销底线？,当成本变动、平台规则变化、活动后利润低于阈值或竞争加剧时应重新评估。复评后同步更新售价、库存、承诺时效或合规材料。,为关键变更设置自动提醒和复核负责人。
定价、税费与利润,现金流,跨境电商中，补货现金流是什么？,核心是把订金、尾款、头程、税费、仓储、广告投入与平台回款按时间排布，识别补货期间的资金缺口。跨境场景还要同时核对目的国要求、平台规则和实际履约能力。,将“补货现金流”纳入站点与SKU的上线清单。
定价、税费与利润,现金流,为什么要重视补货现金流？,跨境业务常因库存和结算周期长而出现利润为正但现金不足。决策不能只看短期成交，还要同步评估合规、履约和可持续利润。,在周度复盘中同时查看增长与风险指标。
定价、税费与利润,现金流,如何建立补货现金流的最小执行清单？,先按SKU和批次列出付款节点、预计销售节奏、回款日和最坏情景库存。把结论写入可复查清单，未被证据支持的字段不作为上线依据。,先完成资料收集与逐项核对，再启动试运行。
定价、税费与利润,现金流,如何用数据判断补货现金流是否有效？,重点观察现金转换周期、库存周转天数、可用现金覆盖天数和缺货损失。指标应按站点、渠道和SKU拆分，避免总盘数据掩盖问题。,为相关指标设置固定口径、基线和预警阈值。
定价、税费与利润,现金流,出现“销售增长但无法按时支付下一批货或广告费用”时，怎样排查补货现金流？,先定位订单、SKU、站点和时间区间，再从“按SKU和批次列出付款节点、预计销售节奏、回款日和最坏情景库存”逐项回溯。对无法确认的事项应暂停放量。,建立异常工单，记录根因、责任人和关闭日期。
定价、税费与利润,现金流,不同国家或平台下，补货现金流应如何调整？,不同平台、币种和仓配模式的回款与付款节奏不同，应分账管理。不要把一个站点的设置直接复制到另一个站点。,建立按国家、平台和类目维护的规则版本。
定价、税费与利润,现金流,新品推进补货现金流时，推荐的先后顺序是什么？,建议先计算补货周期与回款周期，再确定安全现金和采购批量，最后每周滚动更新。前一项未闭环前，不要扩大库存或广告投入。,把每个阶段的放行条件写入新品评审表。
定价、税费与利润,现金流,关于补货现金流最常见的误区是什么？,常见误区是只根据销量预测下大单，未预留税费、滞销和延迟回款资金。应以“把订金、尾款、头程、税费、仓储、广告投入与平台回款按时间排布，识别补货期间的资金缺口”作为验证标准。,在复盘中记录误区对应的损失与预防动作。
定价、税费与利润,现金流,哪些记录能证明补货现金流已被正确执行？,应保留采购合同、付款计划、库存报表、回款报表、税费与物流账单。记录要能对应SKU、订单或批次，并与平台或申报数据一致。,统一文件命名、版本与留存责任，便于抽查。
定价、税费与利润,现金流,何时应重新评估补货现金流？,当交期、销量、回款、汇率、广告投入或库存周转发生偏离时应重新评估。复评后同步更新售价、库存、承诺时效或合规材料。,为关键变更设置自动提醒和复核负责人。
物流与履约,履约模式,跨境电商中，FBA 与自发货选择是什么？,核心是根据体积重量、周转、服务时效、退货处理、库存风险和成本选择平台仓配、自发货或第三方仓。跨境场景还要同时核对目的国要求、平台规则和实际履约能力。,将“FBA 与自发货选择”纳入站点与SKU的上线清单。
物流与履约,履约模式,为什么要重视FBA 与自发货选择？,履约模式决定客户体验、费用结构、库存位置和可控性。决策不能只看短期成交，还要同步评估合规、履约和可持续利润。,在周度复盘中同时查看增长与风险指标。
物流与履约,履约模式,如何建立FBA 与自发货选择的最小执行清单？,先按SKU比较仓储、配送、退货、入仓、移除、时效与服务能力，再做小批量验证。把结论写入可复查清单，未被证据支持的字段不作为上线依据。,先完成资料收集与逐项核对，再启动试运行。
物流与履约,履约模式,如何用数据判断FBA 与自发货选择是否有效？,重点观察妥投时效、履约成本、库存周转、取消率、退货处理时长和客户评分。指标应按站点、渠道和SKU拆分，避免总盘数据掩盖问题。,为相关指标设置固定口径、基线和预警阈值。
物流与履约,履约模式,出现“仓储费上升、断货、延迟发货或退货处理失控”时，怎样排查FBA 与自发货选择？,先定位订单、SKU、站点和时间区间，再从“按SKU比较仓储、配送、退货、入仓、移除、时效与服务能力，再做小批量验证”逐项回溯。对无法确认的事项应暂停放量。,建立异常工单，记录根因、责任人和关闭日期。
物流与履约,履约模式,不同国家或平台下，FBA 与自发货选择应如何调整？,不同站点的仓网、入仓规则、进口责任和客户时效预期不同。不要把一个站点的设置直接复制到另一个站点。,建立按国家、平台和类目维护的规则版本。
物流与履约,履约模式,新品推进FBA 与自发货选择时，推荐的先后顺序是什么？,建议先判断SKU物流属性，再试运行履约模式，稳定后扩大库存配置。前一项未闭环前，不要扩大库存或广告投入。,把每个阶段的放行条件写入新品评审表。
物流与履约,履约模式,关于FBA 与自发货选择最常见的误区是什么？,常见误区是仅按头程单价选择，未比较仓储、退货和售后成本。应以“根据体积重量、周转、服务时效、退货处理、库存风险和成本选择平台仓配、自发货或第三方仓”作为验证标准。,在复盘中记录误区对应的损失与预防动作。
物流与履约,履约模式,哪些记录能证明FBA 与自发货选择已被正确执行？,应保留服务报价、入仓要求、履约账单、时效报表和退货记录。记录要能对应SKU、订单或批次，并与平台或申报数据一致。,统一文件命名、版本与留存责任，便于抽查。
物流与履约,履约模式,何时应重新评估FBA 与自发货选择？,当费率、周转、时效、退货率、账号指标或库存结构发生变化时应重新评估。复评后同步更新售价、库存、承诺时效或合规材料。,为关键变更设置自动提醒和复核负责人。
物流与履约,国际运输,跨境电商中，国际运输方式选择是什么？,核心是按货值、时效、体积重量、敏感属性、目的国清关和客户承诺选择邮政、专线、快递、空运或海运等方案。跨境场景还要同时核对目的国要求、平台规则和实际履约能力。,将“国际运输方式选择”纳入站点与SKU的上线清单。
物流与履约,国际运输,为什么要重视国际运输方式选择？,运输方案同时影响成本、妥投、丢损、税费处理和评价。决策不能只看短期成交，还要同步评估合规、履约和可持续利润。,在周度复盘中同时查看增长与风险指标。
物流与履约,国际运输,如何建立国际运输方式选择的最小执行清单？,先为每个SKU建立可用渠道清单，比较计费重、时效区间、限制、赔付与追踪能力。把结论写入可复查清单，未被证据支持的字段不作为上线依据。,先完成资料收集与逐项核对，再启动试运行。
物流与履约,国际运输,如何用数据判断国际运输方式选择是否有效？,重点观察首扫率、妥投率、平均妥投天数、异常率、物流成本和丢损率。指标应按站点、渠道和SKU拆分，避免总盘数据掩盖问题。,为相关指标设置固定口径、基线和预警阈值。
物流与履约,国际运输,出现“轨迹停滞、清关延误、末端派送失败或赔付争议”时，怎样排查国际运输方式选择？,先定位订单、SKU、站点和时间区间，再从“为每个SKU建立可用渠道清单，比较计费重、时效区间、限制、赔付与追踪能力”逐项回溯。对无法确认的事项应暂停放量。,建立异常工单，记录根因、责任人和关闭日期。
物流与履约,国际运输,不同国家或平台下，国际运输方式选择应如何调整？,不同国家、季节和敏感品规则会改变可用线路，需动态维护渠道矩阵。不要把一个站点的设置直接复制到另一个站点。,建立按国家、平台和类目维护的规则版本。
物流与履约,国际运输,新品推进国际运输方式选择时，推荐的先后顺序是什么？,建议先确认商品可运性，再按时效与成本分层，最后用真实订单验证。前一项未闭环前，不要扩大库存或广告投入。,把每个阶段的放行条件写入新品评审表。
物流与履约,国际运输,关于国际运输方式选择最常见的误区是什么？,常见误区是只承诺最快时效，未给客户展示可追踪、可兑现的服务等级。应以“按货值、时效、体积重量、敏感属性、目的国清关和客户承诺选择邮政、专线、快递、空运或海运等方案”作为验证标准。,在复盘中记录误区对应的损失与预防动作。
物流与履约,国际运输,哪些记录能证明国际运输方式选择已被正确执行？,应保留承运商规则、报价、轨迹、签收、异常工单和赔付记录。记录要能对应SKU、订单或批次，并与平台或申报数据一致。,统一文件命名、版本与留存责任，便于抽查。
物流与履约,国际运输,何时应重新评估国际运输方式选择？,当航线、目的国政策、旺季、商品属性或异常率发生变化时应重新评估。复评后同步更新售价、库存、承诺时效或合规材料。,为关键变更设置自动提醒和复核负责人。
物流与履约,库存,跨境电商中，跨境库存规划是什么？,核心是按补货周期、需求波动、服务时效和资金占用设置安全库存、再订货点与最大库存。跨境场景还要同时核对目的国要求、平台规则和实际履约能力。,将“跨境库存规划”纳入站点与SKU的上线清单。
物流与履约,库存,为什么要重视跨境库存规划？,库存过低会断货损失排名，过高会产生仓储、移除和滞销风险。决策不能只看短期成交，还要同步评估合规、履约和可持续利润。,在周度复盘中同时查看增长与风险指标。
物流与履约,库存,如何建立跨境库存规划的最小执行清单？,先计算供应与运输总提前期、需求波动和目标服务水平，为SKU设置补货触发规则。把结论写入可复查清单，未被证据支持的字段不作为上线依据。,先完成资料收集与逐项核对，再启动试运行。
物流与履约,库存,如何用数据判断跨境库存规划是否有效？,重点观察断货率、可售天数、库存周转、库龄、滞销率和预测偏差。指标应按站点、渠道和SKU拆分，避免总盘数据掩盖问题。,为相关指标设置固定口径、基线和预警阈值。
物流与履约,库存,出现“高销量SKU断货或低销量SKU长期占仓”时，怎样排查跨境库存规划？,先定位订单、SKU、站点和时间区间，再从“计算供应与运输总提前期、需求波动和目标服务水平，为SKU设置补货触发规则”逐项回溯。对无法确认的事项应暂停放量。,建立异常工单，记录根因、责任人和关闭日期。
物流与履约,库存,不同国家或平台下，跨境库存规划应如何调整？,不同站点和仓库应独立设置安全库存，不能用全球总库存替代可售库存。不要把一个站点的设置直接复制到另一个站点。,建立按国家、平台和类目维护的规则版本。
物流与履约,库存,新品推进跨境库存规划时，推荐的先后顺序是什么？,建议先清理库存数据和提前期，再设补货点，小批量校准后再自动化。前一项未闭环前，不要扩大库存或广告投入。,把每个阶段的放行条件写入新品评审表。
物流与履约,库存,关于跨境库存规划最常见的误区是什么？,常见误区是只按过去平均销量补货，忽略旺季、促销、入仓限制和延迟。应以“按补货周期、需求波动、服务时效和资金占用设置安全库存、再订货点与最大库存”作为验证标准。,在复盘中记录误区对应的损失与预防动作。
物流与履约,库存,哪些记录能证明跨境库存规划已被正确执行？,应保留库存快照、补货计划、在途清单、销售预测、库龄与仓储账单。记录要能对应SKU、订单或批次，并与平台或申报数据一致。,统一文件命名、版本与留存责任，便于抽查。
物流与履约,库存,何时应重新评估跨境库存规划？,当需求、提前期、促销、入仓能力或服务目标发生变化时应重新评估。复评后同步更新售价、库存、承诺时效或合规材料。,为关键变更设置自动提醒和复核负责人。
物流与履约,清关,跨境电商中，清关文件准备是什么？,核心是让商业发票、装箱单、申报信息、HS编码、原产地、价值和特殊许可彼此一致，并按目的国要求准备。跨境场景还要同时核对目的国要求、平台规则和实际履约能力。,将“清关文件准备”纳入站点与SKU的上线清单。
物流与履约,清关,为什么要重视清关文件准备？,单证一致能减少扣关、补件、罚款和客户等待。决策不能只看短期成交，还要同步评估合规、履约和可持续利润。,在周度复盘中同时查看增长与风险指标。
物流与履约,清关,如何建立清关文件准备的最小执行清单？,先建立出货文件模板和SKU主数据，发运前核对收发货人、品名、数量、价值、编码与原产地。把结论写入可复查清单，未被证据支持的字段不作为上线依据。,先完成资料收集与逐项核对，再启动试运行。
物流与履约,清关,如何用数据判断清关文件准备是否有效？,重点观察一次清关率、补件率、查验时长、申报更正率和清关费用差异。指标应按站点、渠道和SKU拆分，避免总盘数据掩盖问题。,为相关指标设置固定口径、基线和预警阈值。
物流与履约,清关,出现“承运商要求补件、货物扣关或申报价值被质疑”时，怎样排查清关文件准备？,先定位订单、SKU、站点和时间区间，再从“建立出货文件模板和SKU主数据，发运前核对收发货人、品名、数量、价值、编码与原产地”逐项回溯。对无法确认的事项应暂停放量。,建立异常工单，记录根因、责任人和关闭日期。
物流与履约,清关,不同国家或平台下，清关文件准备应如何调整？,文件格式、许可、收货人信息和申报规则应按目的国及承运商要求调整。不要把一个站点的设置直接复制到另一个站点。,建立按国家、平台和类目维护的规则版本。
物流与履约,清关,新品推进清关文件准备时，推荐的先后顺序是什么？,建议先维护商品主数据，再生成订单文件，发货前由独立人员或规则校验。前一项未闭环前，不要扩大库存或广告投入。,把每个阶段的放行条件写入新品评审表。
物流与履约,清关,关于清关文件准备最常见的误区是什么？,常见误区是品名写得过于笼统，价值、数量或编码与实际不一致。应以“让商业发票、装箱单、申报信息、HS编码、原产地、价值和特殊许可彼此一致，并按目的国要求准备”作为验证标准。,在复盘中记录误区对应的损失与预防动作。
物流与履约,清关,哪些记录能证明清关文件准备已被正确执行？,应保留商业发票、装箱单、报关数据、许可、轨迹和清关通知。记录要能对应SKU、订单或批次，并与平台或申报数据一致。,统一文件命名、版本与留存责任，便于抽查。
物流与履约,清关,何时应重新评估清关文件准备？,当商品、收件人、目的国、编码、价值或法规发生变化时应重新评估。复评后同步更新售价、库存、承诺时效或合规材料。,为关键变更设置自动提醒和复核负责人。
物流与履约,包装,跨境电商中，运输包装设计是什么？,核心是包装要同时满足产品保护、体积重控制、标签合规、开箱体验和承运商运输条件。跨境场景还要同时核对目的国要求、平台规则和实际履约能力。,将“运输包装设计”纳入站点与SKU的上线清单。
物流与履约,包装,为什么要重视运输包装设计？,包装不足会造成破损和差评，过度包装又会抬高运费与环保成本。决策不能只看短期成交，还要同步评估合规、履约和可持续利润。,在周度复盘中同时查看增长与风险指标。
物流与履约,包装,如何建立运输包装设计的最小执行清单？,先根据跌落、挤压、湿度和电商分拣场景测试包装，记录材料、尺寸、封箱与标签要求。把结论写入可复查清单，未被证据支持的字段不作为上线依据。,先完成资料收集与逐项核对，再启动试运行。
物流与履约,包装,如何用数据判断运输包装设计是否有效？,重点观察破损率、体积重、包装成本、客户差评和运输索赔率。指标应按站点、渠道和SKU拆分，避免总盘数据掩盖问题。,为相关指标设置固定口径、基线和预警阈值。
物流与履约,包装,出现“运输途中破损、漏液、外箱变形或标签脱落”时，怎样排查运输包装设计？,先定位订单、SKU、站点和时间区间，再从“根据跌落、挤压、湿度和电商分拣场景测试包装，记录材料、尺寸、封箱与标签要求”逐项回溯。对无法确认的事项应暂停放量。,建立异常工单，记录根因、责任人和关闭日期。
物流与履约,包装,不同国家或平台下，运输包装设计应如何调整？,目的国回收责任、语言标签和承运商限制可能影响包装材料与信息设计。不要把一个站点的设置直接复制到另一个站点。,建立按国家、平台和类目维护的规则版本。
物流与履约,包装,新品推进运输包装设计时，推荐的先后顺序是什么？,建议先确定法规和物流限制，再做包装测试，确认后固化BOM和作业标准。前一项未闭环前，不要扩大库存或广告投入。,把每个阶段的放行条件写入新品评审表。
物流与履约,包装,关于运输包装设计最常见的误区是什么？,常见误区是只按静态展示设计包装，未模拟跨境多段运输和末端派送。应以“包装要同时满足产品保护、体积重控制、标签合规、开箱体验和承运商运输条件”作为验证标准。,在复盘中记录误区对应的损失与预防动作。
物流与履约,包装,哪些记录能证明运输包装设计已被正确执行？,应保留包装BOM、测试报告、箱规、照片、破损案例和改版记录。记录要能对应SKU、订单或批次，并与平台或申报数据一致。,统一文件命名、版本与留存责任，便于抽查。
物流与履约,包装,何时应重新评估运输包装设计？,当商品尺寸、运输方式、目的国要求、破损率或包装材料变化时应重新评估。复评后同步更新售价、库存、承诺时效或合规材料。,为关键变更设置自动提醒和复核负责人。
物流与履约,退货物流,跨境电商中，跨境退货方案是什么？,核心是根据商品价值、可再售性、当地法规、客户体验和处理成本，设置本地退货、弃置、返仓、翻新或退款不退货规则。跨境场景还要同时核对目的国要求、平台规则和实际履约能力。,将“跨境退货方案”纳入站点与SKU的上线清单。
物流与履约,退货物流,为什么要重视跨境退货方案？,退货方案影响退款速度、逆向物流成本、库存准确性和客户信任。决策不能只看短期成交，还要同步评估合规、履约和可持续利润。,在周度复盘中同时查看增长与风险指标。
物流与履约,退货物流,如何建立跨境退货方案的最小执行清单？,先按SKU价值和质量风险分层，明确退货地址、标签、时限、质检、再入库与处置责任。把结论写入可复查清单，未被证据支持的字段不作为上线依据。,先完成资料收集与逐项核对，再启动试运行。
物流与履约,退货物流,如何用数据判断跨境退货方案是否有效？,重点观察退货率、退货处理时长、可再售率、逆向物流成本和退款时效。指标应按站点、渠道和SKU拆分，避免总盘数据掩盖问题。,为相关指标设置固定口径、基线和预警阈值。
物流与履约,退货物流,出现“退货无地址、包裹失联、退款延迟或退回品无法判断状态”时，怎样排查跨境退货方案？,先定位订单、SKU、站点和时间区间，再从“按SKU价值和质量风险分层，明确退货地址、标签、时限、质检、再入库与处置责任”逐项回溯。对无法确认的事项应暂停放量。,建立异常工单，记录根因、责任人和关闭日期。
物流与履约,退货物流,不同国家或平台下，跨境退货方案应如何调整？,消费者退货权、平台政策和危险品限制因国家及渠道而异，应逐站点设置。不要把一个站点的设置直接复制到另一个站点。,建立按国家、平台和类目维护的规则版本。
物流与履约,退货物流,新品推进跨境退货方案时，推荐的先后顺序是什么？,建议先确定客户可见政策，再配置本地处理能力，最后用真实退货订单演练。前一项未闭环前，不要扩大库存或广告投入。,把每个阶段的放行条件写入新品评审表。
物流与履约,退货物流,关于跨境退货方案最常见的误区是什么？,常见误区是只写退货政策，未配置地址、标签、质检与库存回写流程。应以“根据商品价值、可再售性、当地法规、客户体验和处理成本，设置本地退货、弃置、返仓、翻新或退款不退货规则”作为验证标准。,在复盘中记录误区对应的损失与预防动作。
物流与履约,退货物流,哪些记录能证明跨境退货方案已被正确执行？,应保留退货政策、退货标签、质检单、退款记录、处置和库存调整记录。记录要能对应SKU、订单或批次，并与平台或申报数据一致。,统一文件命名、版本与留存责任，便于抽查。
物流与履约,退货物流,何时应重新评估跨境退货方案？,当退货率、法规、仓库、商品属性或平台规则发生变化时应重新评估。复评后同步更新售价、库存、承诺时效或合规材料。,为关键变更设置自动提醒和复核负责人。
物流与履约,发货时效,跨境电商中，订单履约 SLA是什么？,核心是把订单截单、拣配、交运、首扫、妥投和异常响应定义为可监控的服务标准。跨境场景还要同时核对目的国要求、平台规则和实际履约能力。,将“订单履约 SLA”纳入站点与SKU的上线清单。
物流与履约,发货时效,为什么要重视订单履约 SLA？,稳定履约能降低取消、差评和账户绩效风险。决策不能只看短期成交，还要同步评估合规、履约和可持续利润。,在周度复盘中同时查看增长与风险指标。
物流与履约,发货时效,如何建立订单履约 SLA的最小执行清单？,先按渠道和仓库设定每个节点目标时限，建立逾期订单队列和升级机制。把结论写入可复查清单，未被证据支持的字段不作为上线依据。,先完成资料收集与逐项核对，再启动试运行。
物流与履约,发货时效,如何用数据判断订单履约 SLA是否有效？,重点观察准时发货率、首扫及时率、取消率、妥投时效和异常响应时长。指标应按站点、渠道和SKU拆分，避免总盘数据掩盖问题。,为相关指标设置固定口径、基线和预警阈值。
物流与履约,发货时效,出现“订单超过承诺时限、无有效追踪或承运商未揽收”时，怎样排查订单履约 SLA？,先定位订单、SKU、站点和时间区间，再从“按渠道和仓库设定每个节点目标时限，建立逾期订单队列和升级机制”逐项回溯。对无法确认的事项应暂停放量。,建立异常工单，记录根因、责任人和关闭日期。
物流与履约,发货时效,不同国家或平台下，订单履约 SLA应如何调整？,SLA应与各站点假期、仓库作业时间、承运商网络和客户承诺相匹配。不要把一个站点的设置直接复制到另一个站点。,建立按国家、平台和类目维护的规则版本。
物流与履约,发货时效,新品推进订单履约 SLA时，推荐的先后顺序是什么？,建议先明确客户承诺，再拆解内部节点，最后用日报跟踪偏差和纠正措施。前一项未闭环前，不要扩大库存或广告投入。,把每个阶段的放行条件写入新品评审表。
物流与履约,发货时效,关于订单履约 SLA最常见的误区是什么？,常见误区是只监控最终妥投，未管理发货前和首扫前的可控节点。应以“把订单截单、拣配、交运、首扫、妥投和异常响应定义为可监控的服务标准”作为验证标准。,在复盘中记录误区对应的损失与预防动作。
物流与履约,发货时效,哪些记录能证明订单履约 SLA已被正确执行？,应保留订单时间戳、交接单、轨迹、异常工单、客户通知和绩效报表。记录要能对应SKU、订单或批次，并与平台或申报数据一致。,统一文件命名、版本与留存责任，便于抽查。
物流与履约,发货时效,何时应重新评估订单履约 SLA？,当旺季、仓库、承运商、站点承诺或异常率发生变化时应重新评估。复评后同步更新售价、库存、承诺时效或合规材料。,为关键变更设置自动提醒和复核负责人。
平台运营与增长,商品页,跨境电商中，标题与关键词是什么？,核心是标题应准确呈现品牌、核心品类、关键属性和使用场景，并使用目标站点真实搜索语言。跨境场景还要同时核对目的国要求、平台规则和实际履约能力。,将“标题与关键词”纳入站点与SKU的上线清单。
平台运营与增长,商品页,为什么要重视标题与关键词？,准确的标题和关键词帮助相关流量理解商品，同时避免误导和违规堆词。决策不能只看短期成交，还要同步评估合规、履约和可持续利润。,在周度复盘中同时查看增长与风险指标。
平台运营与增长,商品页,如何建立标题与关键词的最小执行清单？,先从站内搜索词、竞品词和用户问答中筛选高意图词，按平台字段规范写入标题与要点。把结论写入可复查清单，未被证据支持的字段不作为上线依据。,先完成资料收集与逐项核对，再启动试运行。
平台运营与增长,商品页,如何用数据判断标题与关键词是否有效？,重点观察自然曝光、搜索词点击率、转化率、索引覆盖和违规修改次数。指标应按站点、渠道和SKU拆分，避免总盘数据掩盖问题。,为相关指标设置固定口径、基线和预警阈值。
平台运营与增长,商品页,出现“流量不相关、点击低或平台要求修改内容”时，怎样排查标题与关键词？,先定位订单、SKU、站点和时间区间，再从“从站内搜索词、竞品词和用户问答中筛选高意图词，按平台字段规范写入标题与要点”逐项回溯。对无法确认的事项应暂停放量。,建立异常工单，记录根因、责任人和关闭日期。
平台运营与增长,商品页,不同国家或平台下，标题与关键词应如何调整？,不同语言的词序、单位、禁用词和消费者表达不同，需要本地化而非直译。不要把一个站点的设置直接复制到另一个站点。,建立按国家、平台和类目维护的规则版本。
平台运营与增长,商品页,新品推进标题与关键词时，推荐的先后顺序是什么？,建议先确认商品事实与合规字段，再做关键词映射，最后上线并观察搜索词表现。前一项未闭环前，不要扩大库存或广告投入。,把每个阶段的放行条件写入新品评审表。
平台运营与增长,商品页,关于标题与关键词最常见的误区是什么？,常见误区是堆砌热词或写入无法证实的功效、比较和促销信息。应以“标题应准确呈现品牌、核心品类、关键属性和使用场景，并使用目标站点真实搜索语言”作为验证标准。,在复盘中记录误区对应的损失与预防动作。
平台运营与增长,商品页,哪些记录能证明标题与关键词已被正确执行？,应保留关键词表、商品属性来源、标题版本、搜索词报告和审核通知。记录要能对应SKU、订单或批次，并与平台或申报数据一致。,统一文件命名、版本与留存责任，便于抽查。
平台运营与增长,商品页,何时应重新评估标题与关键词？,当搜索词、商品属性、平台规则、竞品表达或转化表现变化时应重新评估。复评后同步更新售价、库存、承诺时效或合规材料。,为关键变更设置自动提醒和复核负责人。
平台运营与增长,商品页,跨境电商中，主图与图片组是什么？,核心是图片应真实展示商品、尺寸、细节、使用方法和适用场景，并遵守平台的主图与内容规则。跨境场景还要同时核对目的国要求、平台规则和实际履约能力。,将“主图与图片组”纳入站点与SKU的上线清单。
平台运营与增长,商品页,为什么要重视主图与图片组？,图片直接影响点击和理解成本，也是减少误购与退货的重要信息载体。决策不能只看短期成交，还要同步评估合规、履约和可持续利润。,在周度复盘中同时查看增长与风险指标。
平台运营与增长,商品页,如何建立主图与图片组的最小执行清单？,先先列出客户决策所需信息，再制作主图、细节、尺寸、场景和使用步骤图并校验事实。把结论写入可复查清单，未被证据支持的字段不作为上线依据。,先完成资料收集与逐项核对，再启动试运行。
平台运营与增长,商品页,如何用数据判断主图与图片组是否有效？,重点观察主图点击率、图片后转化率、尺寸或使用相关退货率和内容审核通过率。指标应按站点、渠道和SKU拆分，避免总盘数据掩盖问题。,为相关指标设置固定口径、基线和预警阈值。
平台运营与增长,商品页,出现“用户误解规格、图片被拒或点击率显著下降”时，怎样排查主图与图片组？,先定位订单、SKU、站点和时间区间，再从“先列出客户决策所需信息，再制作主图、细节、尺寸、场景和使用步骤图并校验事实”逐项回溯。对无法确认的事项应暂停放量。,建立异常工单，记录根因、责任人和关闭日期。
平台运营与增长,商品页,不同国家或平台下，主图与图片组应如何调整？,图片中的人物、文字、计量、警示与文化表达需符合目的国和平台规范。不要把一个站点的设置直接复制到另一个站点。,建立按国家、平台和类目维护的规则版本。
平台运营与增长,商品页,新品推进主图与图片组时，推荐的先后顺序是什么？,建议先确认事实与合规边界，再拍摄或设计，最后在移动端与桌面端检查可读性。前一项未闭环前，不要扩大库存或广告投入。,把每个阶段的放行条件写入新品评审表。
平台运营与增长,商品页,关于主图与图片组最常见的误区是什么？,常见误区是只追求视觉吸引，未让用户看清尺寸、配件、材质和限制。应以“图片应真实展示商品、尺寸、细节、使用方法和适用场景，并遵守平台的主图与内容规则”作为验证标准。,在复盘中记录误区对应的损失与预防动作。
平台运营与增长,商品页,哪些记录能证明主图与图片组已被正确执行？,应保留素材源文件、尺寸依据、审核记录、版本表现和用户反馈。记录要能对应SKU、订单或批次，并与平台或申报数据一致。,统一文件命名、版本与留存责任，便于抽查。
平台运营与增长,商品页,何时应重新评估主图与图片组？,当商品规格、平台图片规则、目标人群或转化与退货表现变化时应重新评估。复评后同步更新售价、库存、承诺时效或合规材料。,为关键变更设置自动提醒和复核负责人。
平台运营与增长,本地化,跨境电商中，商品页翻译是什么？,核心是翻译应保留商品事实并采用当地消费者熟悉的词、单位、语序和合规表达，而非逐字转换。跨境场景还要同时核对目的国要求、平台规则和实际履约能力。,将“商品页翻译”纳入站点与SKU的上线清单。
平台运营与增长,本地化,为什么要重视商品页翻译？,低质量翻译会降低信任、影响搜索并造成使用或安全误解。决策不能只看短期成交，还要同步评估合规、履约和可持续利润。,在周度复盘中同时查看增长与风险指标。
平台运营与增长,本地化,如何建立商品页翻译的最小执行清单？,先建立术语表和禁用表，先翻译关键字段，再由熟悉品类和市场的人审校。把结论写入可复查清单，未被证据支持的字段不作为上线依据。,先完成资料收集与逐项核对，再启动试运行。
平台运营与增长,本地化,如何用数据判断商品页翻译是否有效？,重点观察本地化页面转化率、退货原因、客服咨询主题和审核修改率。指标应按站点、渠道和SKU拆分，避免总盘数据掩盖问题。,为相关指标设置固定口径、基线和预警阈值。
平台运营与增长,本地化,出现“用户频繁询问基础属性，或出现翻译引起的投诉和合规问题”时，怎样排查商品页翻译？,先定位订单、SKU、站点和时间区间，再从“建立术语表和禁用表，先翻译关键字段，再由熟悉品类和市场的人审校”逐项回溯。对无法确认的事项应暂停放量。,建立异常工单，记录根因、责任人和关闭日期。
平台运营与增长,本地化,不同国家或平台下，商品页翻译应如何调整？,需要按各市场语言、单位、法定警示和文化语境分别处理。不要把一个站点的设置直接复制到另一个站点。,建立按国家、平台和类目维护的规则版本。
平台运营与增长,本地化,新品推进商品页翻译时，推荐的先后顺序是什么？,建议先锁定源语言事实，再建立术语与单位规则，最后审校并上线测试。前一项未闭环前，不要扩大库存或广告投入。,把每个阶段的放行条件写入新品评审表。
平台运营与增长,本地化,关于商品页翻译最常见的误区是什么？,常见误区是直接机翻后不复核，把国内惯用语和单位原样带入海外页面。应以“翻译应保留商品事实并采用当地消费者熟悉的词、单位、语序和合规表达，而非逐字转换”作为验证标准。,在复盘中记录误区对应的损失与预防动作。
平台运营与增长,本地化,哪些记录能证明商品页翻译已被正确执行？,应保留源文、术语表、翻译稿、审校记录、页面版本和客户反馈。记录要能对应SKU、订单或批次，并与平台或申报数据一致。,统一文件命名、版本与留存责任，便于抽查。
平台运营与增长,本地化,何时应重新评估商品页翻译？,当新增站点、商品变更、法规要求、差评或搜索表现变化时应重新评估。复评后同步更新售价、库存、承诺时效或合规材料。,为关键变更设置自动提醒和复核负责人。
平台运营与增长,商品管理,跨境电商中，SKU 与变体管理是什么？,核心是用稳定的SKU编码、正确的变体关系和属性管理颜色、尺寸、套装等可售差异，确保库存和内容可追溯。跨境场景还要同时核对目的国要求、平台规则和实际履约能力。,将“SKU 与变体管理”纳入站点与SKU的上线清单。
平台运营与增长,商品管理,为什么要重视SKU 与变体管理？,错误变体会造成错发、评价混杂、广告归因失真和库存错误。决策不能只看短期成交，还要同步评估合规、履约和可持续利润。,在周度复盘中同时查看增长与风险指标。
平台运营与增长,商品管理,如何建立SKU 与变体管理的最小执行清单？,先定义父子关系、属性值、条码、包装和库存规则，上线前在订单与页面中验证。把结论写入可复查清单，未被证据支持的字段不作为上线依据。,先完成资料收集与逐项核对，再启动试运行。
平台运营与增长,商品管理,如何用数据判断SKU 与变体管理是否有效？,重点观察错发率、变体转化率、库存准确率、评价混杂投诉和页面错误率。指标应按站点、渠道和SKU拆分，避免总盘数据掩盖问题。,为相关指标设置固定口径、基线和预警阈值。
平台运营与增长,商品管理,出现“客户收到错误规格，或变体价格、图片、库存与实际不一致”时，怎样排查SKU 与变体管理？,先定位订单、SKU、站点和时间区间，再从“定义父子关系、属性值、条码、包装和库存规则，上线前在订单与页面中验证”逐项回溯。对无法确认的事项应暂停放量。,建立异常工单，记录根因、责任人和关闭日期。
平台运营与增长,商品管理,不同国家或平台下，SKU 与变体管理应如何调整？,不同平台对变体关系和属性规则不同，应使用各平台允许的结构。不要把一个站点的设置直接复制到另一个站点。,建立按国家、平台和类目维护的规则版本。
平台运营与增长,商品管理,新品推进SKU 与变体管理时，推荐的先后顺序是什么？,建议先定义可售单元，再建立编码与属性，再上传并用测试订单核验。前一项未闭环前，不要扩大库存或广告投入。,把每个阶段的放行条件写入新品评审表。
平台运营与增长,商品管理,关于SKU 与变体管理最常见的误区是什么？,常见误区是把不同功能或不同主体商品硬拼为变体以共享评价或流量。应以“用稳定的SKU编码、正确的变体关系和属性管理颜色、尺寸、套装等可售差异，确保库存和内容可追溯”作为验证标准。,在复盘中记录误区对应的损失与预防动作。
平台运营与增长,商品管理,哪些记录能证明SKU 与变体管理已被正确执行？,应保留SKU主数据、变体映射、条码、图片、订单与库存调整记录。记录要能对应SKU、订单或批次，并与平台或申报数据一致。,统一文件命名、版本与留存责任，便于抽查。
平台运营与增长,商品管理,何时应重新评估SKU 与变体管理？,当新增规格、包装、条码、平台类目或库存系统变更时应重新评估。复评后同步更新售价、库存、承诺时效或合规材料。,为关键变更设置自动提醒和复核负责人。
平台运营与增长,广告,跨境电商中，广告结构是什么？,核心是按商品、目标、关键词或受众、站点与预算建立可拆分的广告活动，让数据能支持出价和否词决策。跨境场景还要同时核对目的国要求、平台规则和实际履约能力。,将“广告结构”纳入站点与SKU的上线清单。
平台运营与增长,广告,为什么要重视广告结构？,清晰结构避免不同商品和意图混在一起，便于识别真实效率。决策不能只看短期成交，还要同步评估合规、履约和可持续利润。,在周度复盘中同时查看增长与风险指标。
平台运营与增长,广告,如何建立广告结构的最小执行清单？,先先确定商品利润与目标，再按高意图词、探索词和品牌词分层建立活动与预算。把结论写入可复查清单，未被证据支持的字段不作为上线依据。,先完成资料收集与逐项核对，再启动试运行。
平台运营与增长,广告,如何用数据判断广告结构是否有效？,重点观察广告花费、销售额、广告成交成本、自然销售、点击率和转化率。指标应按站点、渠道和SKU拆分，避免总盘数据掩盖问题。,为相关指标设置固定口径、基线和预警阈值。
平台运营与增长,广告,出现“花费集中但无转化，或无法判断哪个词和商品造成亏损”时，怎样排查广告结构？,先定位订单、SKU、站点和时间区间，再从“先确定商品利润与目标，再按高意图词、探索词和品牌词分层建立活动与预算”逐项回溯。对无法确认的事项应暂停放量。,建立异常工单，记录根因、责任人和关闭日期。
平台运营与增长,广告,不同国家或平台下，广告结构应如何调整？,广告可用类型和数据口径随平台、站点、品牌资格而不同，应以平台当前功能为准。不要把一个站点的设置直接复制到另一个站点。,建立按国家、平台和类目维护的规则版本。
平台运营与增长,广告,新品推进广告结构时，推荐的先后顺序是什么？,建议先完成商品页与利润底线，再搭建最小活动结构，随后按周期扩量与否词。前一项未闭环前，不要扩大库存或广告投入。,把每个阶段的放行条件写入新品评审表。
平台运营与增长,广告,关于广告结构最常见的误区是什么？,常见误区是把全部SKU和关键词放入一个活动，只以总广告销售额判断效果。应以“按商品、目标、关键词或受众、站点与预算建立可拆分的广告活动，让数据能支持出价和否词决策”作为验证标准。,在复盘中记录误区对应的损失与预防动作。
平台运营与增长,广告,哪些记录能证明广告结构已被正确执行？,应保留活动结构表、关键词清单、预算、搜索词报告、出价与否词变更记录。记录要能对应SKU、订单或批次，并与平台或申报数据一致。,统一文件命名、版本与留存责任，便于抽查。
平台运营与增长,广告,何时应重新评估广告结构？,当商品页、利润、季节、竞争、预算或平台广告规则发生变化时应重新评估。复评后同步更新售价、库存、承诺时效或合规材料。,为关键变更设置自动提醒和复核负责人。
平台运营与增长,广告,跨境电商中，关键词研究是什么？,核心是关键词研究是把消费者的搜索表达按购买意图、相关性和竞争程度映射到商品内容与广告投放。跨境场景还要同时核对目的国要求、平台规则和实际履约能力。,将“关键词研究”纳入站点与SKU的上线清单。
平台运营与增长,广告,为什么要重视关键词研究？,它能让自然搜索和付费流量聚焦可转化的需求，而不是追逐泛流量。决策不能只看短期成交，还要同步评估合规、履约和可持续利润。,在周度复盘中同时查看增长与风险指标。
平台运营与增长,广告,如何建立关键词研究的最小执行清单？,先收集站内词、竞品词、搜索词报告和客户用语，按意图分为核心、长尾、探索与否定词。把结论写入可复查清单，未被证据支持的字段不作为上线依据。,先完成资料收集与逐项核对，再启动试运行。
平台运营与增长,广告,如何用数据判断关键词研究是否有效？,重点观察词级曝光、点击率、转化率、广告成交成本、自然排名和无效花费。指标应按站点、渠道和SKU拆分，避免总盘数据掩盖问题。,为相关指标设置固定口径、基线和预警阈值。
平台运营与增长,广告,出现“大量点击来自无关词，或核心词没有被商品页有效承接”时，怎样排查关键词研究？,先定位订单、SKU、站点和时间区间，再从“收集站内词、竞品词、搜索词报告和客户用语，按意图分为核心、长尾、探索与否定词”逐项回溯。对无法确认的事项应暂停放量。,建立异常工单，记录根因、责任人和关闭日期。
平台运营与增长,广告,不同国家或平台下，关键词研究应如何调整？,词语、拼写、单位和购买意图因语言和国家不同，应按站点建立词库。不要把一个站点的设置直接复制到另一个站点。,建立按国家、平台和类目维护的规则版本。
平台运营与增长,广告,新品推进关键词研究时，推荐的先后顺序是什么？,建议先确认商品事实和目标人群，再建立词库，最后通过搜索词报告持续迭代。前一项未闭环前，不要扩大库存或广告投入。,把每个阶段的放行条件写入新品评审表。
平台运营与增长,广告,关于关键词研究最常见的误区是什么？,常见误区是只抓高搜索量词，不判断相关性、转化和合规风险。应以“关键词研究是把消费者的搜索表达按购买意图、相关性和竞争程度映射到商品内容与广告投放”作为验证标准。,在复盘中记录误区对应的损失与预防动作。
平台运营与增长,广告,哪些记录能证明关键词研究已被正确执行？,应保留关键词词库、搜索词报告、页面映射、否词表和改版记录。记录要能对应SKU、订单或批次，并与平台或申报数据一致。,统一文件命名、版本与留存责任，便于抽查。
平台运营与增长,广告,何时应重新评估关键词研究？,当新站点、新品、季节、竞争词、商品页或广告数据发生变化时应重新评估。复评后同步更新售价、库存、承诺时效或合规材料。,为关键变更设置自动提醒和复核负责人。
平台运营与增长,转化,跨境电商中，转化率优化是什么？,核心是通过降低用户理解和购买阻力来提高从访问到下单的比例，包括价格、内容、评价、配送、税费和支付体验。跨境场景还要同时核对目的国要求、平台规则和实际履约能力。,将“转化率优化”纳入站点与SKU的上线清单。
平台运营与增长,转化,为什么要重视转化率优化？,提高转化率通常比单纯扩流量更有效率，也能改善广告承受能力。决策不能只看短期成交，还要同步评估合规、履约和可持续利润。,在周度复盘中同时查看增长与风险指标。
平台运营与增长,转化,如何建立转化率优化的最小执行清单？,先先定位漏斗中下降节点，再一次只测试一个主要变量并保留对照周期。把结论写入可复查清单，未被证据支持的字段不作为上线依据。,先完成资料收集与逐项核对，再启动试运行。
平台运营与增长,转化,如何用数据判断转化率优化是否有效？,重点观察详情页转化率、加购率、结账完成率、退款率和广告后贡献毛利。指标应按站点、渠道和SKU拆分，避免总盘数据掩盖问题。,为相关指标设置固定口径、基线和预警阈值。
平台运营与增长,转化,出现“流量稳定但下单低，或改版后转化和退货同时恶化”时，怎样排查转化率优化？,先定位订单、SKU、站点和时间区间，再从“先定位漏斗中下降节点，再一次只测试一个主要变量并保留对照周期”逐项回溯。对无法确认的事项应暂停放量。,建立异常工单，记录根因、责任人和关闭日期。
平台运营与增长,转化,不同国家或平台下，转化率优化应如何调整？,应结合本地价格展示、语言、配送承诺、税费与支付偏好诊断。不要把一个站点的设置直接复制到另一个站点。,建立按国家、平台和类目维护的规则版本。
平台运营与增长,转化,新品推进转化率优化时，推荐的先后顺序是什么？,建议先校验商品事实和履约承诺，再优化高影响信息，最后用数据验证并保留有效版本。前一项未闭环前，不要扩大库存或广告投入。,把每个阶段的放行条件写入新品评审表。
平台运营与增长,转化,关于转化率优化最常见的误区是什么？,常见误区是频繁同时改价格、图片和文案，导致无法知道变化原因。应以“通过降低用户理解和购买阻力来提高从访问到下单的比例，包括价格、内容、评价、配送、税费和支付体验”作为验证标准。,在复盘中记录误区对应的损失与预防动作。
平台运营与增长,转化,哪些记录能证明转化率优化已被正确执行？,应保留页面版本、实验时间、流量与转化数据、用户反馈和退货原因。记录要能对应SKU、订单或批次，并与平台或申报数据一致。,统一文件命名、版本与留存责任，便于抽查。
平台运营与增长,转化,何时应重新评估转化率优化？,当流量结构、评价、价格、履约、税费或竞争页面发生明显变化时应重新评估。复评后同步更新售价、库存、承诺时效或合规材料。,为关键变更设置自动提醒和复核负责人。
平台运营与增长,账户健康,跨境电商中，账户健康管理是什么？,核心是持续监控与客户服务、发货、商品合规和政策相关的账户指标及通知，并在规定时间内处理异常。跨境场景还要同时核对目的国要求、平台规则和实际履约能力。,将“账户健康管理”纳入站点与SKU的上线清单。
平台运营与增长,账户健康,为什么要重视账户健康管理？,账户限制往往来自长期累积或未及时响应，日常监控比事后申诉更有效。决策不能只看短期成交，还要同步评估合规、履约和可持续利润。,在周度复盘中同时查看增长与风险指标。
平台运营与增长,账户健康,如何建立账户健康管理的最小执行清单？,先设定每日查看账户通知、指标、受限SKU和待提交文件的责任人与关闭时限。把结论写入可复查清单，未被证据支持的字段不作为上线依据。,先完成资料收集与逐项核对，再启动试运行。
平台运营与增长,账户健康,如何用数据判断账户健康管理是否有效？,重点观察账户健康状态、政策违规数、迟发率、取消率、投诉率和申诉关闭时长。指标应按站点、渠道和SKU拆分，避免总盘数据掩盖问题。,为相关指标设置固定口径、基线和预警阈值。
平台运营与增长,账户健康,出现“出现警告、商品下架、指标恶化或账户功能受限”时，怎样排查账户健康管理？,先定位订单、SKU、站点和时间区间，再从“设定每日查看账户通知、指标、受限SKU和待提交文件的责任人与关闭时限”逐项回溯。对无法确认的事项应暂停放量。,建立异常工单，记录根因、责任人和关闭日期。
平台运营与增长,账户健康,不同国家或平台下，账户健康管理应如何调整？,不同站点和账户类型的阈值、政策与支持路径可能不同，需按当前页面要求处理。不要把一个站点的设置直接复制到另一个站点。,建立按国家、平台和类目维护的规则版本。
平台运营与增长,账户健康,新品推进账户健康管理时，推荐的先后顺序是什么？,建议先预防性监控，再在通知期限内提交真实材料，最后分析根因并更新SOP。前一项未闭环前，不要扩大库存或广告投入。,把每个阶段的放行条件写入新品评审表。
平台运营与增长,账户健康,关于账户健康管理最常见的误区是什么？,常见误区是只在账号被限制后集中补材料，或提交与问题无关的模板化申诉。应以“持续监控与客户服务、发货、商品合规和政策相关的账户指标及通知，并在规定时间内处理异常”作为验证标准。,在复盘中记录误区对应的损失与预防动作。
平台运营与增长,账户健康,哪些记录能证明账户健康管理已被正确执行？,应保留通知截图、指标报表、订单证据、合规文件、申诉与整改记录。记录要能对应SKU、订单或批次，并与平台或申报数据一致。,统一文件命名、版本与留存责任，便于抽查。
平台运营与增长,账户健康,何时应重新评估账户健康管理？,当收到新通知、指标接近阈值、商品变更或政策更新时时应重新评估。复评后同步更新售价、库存、承诺时效或合规材料。,为关键变更设置自动提醒和复核负责人。
收款、客服与风险,收款,跨境电商中，跨境收款账户是什么？,核心是选择能覆盖目标平台、币种、结算周期、合规审核和对账需求的收款方案，并让主体信息一致。跨境场景还要同时核对目的国要求、平台规则和实际履约能力。,将“跨境收款账户”纳入站点与SKU的上线清单。
收款、客服与风险,收款,为什么要重视跨境收款账户？,收款路径影响到账速度、费用、汇兑、资金安全和审计可追溯性。决策不能只看短期成交，还要同步评估合规、履约和可持续利润。,在周度复盘中同时查看增长与风险指标。
收款、客服与风险,收款,如何建立跨境收款账户的最小执行清单？,先列出平台支持币种、收款账户主体、费率、换汇规则、结算周期和资料要求后再接入。把结论写入可复查清单，未被证据支持的字段不作为上线依据。,先完成资料收集与逐项核对，再启动试运行。
收款、客服与风险,收款,如何用数据判断跨境收款账户是否有效？,重点观察到账时效、结算差异、费率、审核通过率、冻结次数和对账完成率。指标应按站点、渠道和SKU拆分，避免总盘数据掩盖问题。,为相关指标设置固定口径、基线和预警阈值。
收款、客服与风险,收款,出现“款项延迟、主体不一致、账户受限或到账金额无法对应订单”时，怎样排查跨境收款账户？,先定位订单、SKU、站点和时间区间，再从“列出平台支持币种、收款账户主体、费率、换汇规则、结算周期和资料要求后再接入”逐项回溯。对无法确认的事项应暂停放量。,建立异常工单，记录根因、责任人和关闭日期。
收款、客服与风险,收款,不同国家或平台下，跨境收款账户应如何调整？,不同国家和平台对收款主体、税务与身份审核要求不同，应按官方或机构要求准备。不要把一个站点的设置直接复制到另一个站点。,建立按国家、平台和类目维护的规则版本。
收款、客服与风险,收款,新品推进跨境收款账户时，推荐的先后顺序是什么？,建议先确定主体与币种流，再完成账户验证，随后用小额结算核对费用和流水。前一项未闭环前，不要扩大库存或广告投入。,把每个阶段的放行条件写入新品评审表。
收款、客服与风险,收款,关于跨境收款账户最常见的误区是什么？,常见误区是只比较表面手续费，未核对汇率点差、结算周期与合规限制。应以“选择能覆盖目标平台、币种、结算周期、合规审核和对账需求的收款方案，并让主体信息一致”作为验证标准。,在复盘中记录误区对应的损失与预防动作。
收款、客服与风险,收款,哪些记录能证明跨境收款账户已被正确执行？,应保留开户资料、服务条款、结算单、银行流水、费率与对账记录。记录要能对应SKU、订单或批次，并与平台或申报数据一致。,统一文件命名、版本与留存责任，便于抽查。
收款、客服与风险,收款,何时应重新评估跨境收款账户？,当平台、币种、主体、费率、审核要求或结算异常发生变化时应重新评估。复评后同步更新售价、库存、承诺时效或合规材料。,为关键变更设置自动提醒和复核负责人。
收款、客服与风险,对账,跨境电商中，订单与结算对账是什么？,核心是把订单收入、平台费用、广告、退款、税费、物流和实际到账按订单或结算周期匹配，识别差异。跨境场景还要同时核对目的国要求、平台规则和实际履约能力。,将“订单与结算对账”纳入站点与SKU的上线清单。
收款、客服与风险,对账,为什么要重视订单与结算对账？,跨境费用项目多且跨期，对账是发现漏扣、重复扣费和利润偏差的基础。决策不能只看短期成交，还要同步评估合规、履约和可持续利润。,在周度复盘中同时查看增长与风险指标。
收款、客服与风险,对账,如何建立订单与结算对账的最小执行清单？,先建立订单号、结算批次、币种和费用类型的映射，先核对总额再下钻异常订单。把结论写入可复查清单，未被证据支持的字段不作为上线依据。,先完成资料收集与逐项核对，再启动试运行。
收款、客服与风险,对账,如何用数据判断订单与结算对账是否有效？,重点观察对账完成率、未匹配金额、费用差异、退款滞后和异常关闭时长。指标应按站点、渠道和SKU拆分，避免总盘数据掩盖问题。,为相关指标设置固定口径、基线和预警阈值。
收款、客服与风险,对账,出现“实际到账与平台销售额差异大，或同一订单出现多次扣费”时，怎样排查订单与结算对账？,先定位订单、SKU、站点和时间区间，再从“建立订单号、结算批次、币种和费用类型的映射，先核对总额再下钻异常订单”逐项回溯。对无法确认的事项应暂停放量。,建立异常工单，记录根因、责任人和关闭日期。
收款、客服与风险,对账,不同国家或平台下，订单与结算对账应如何调整？,各平台、币种和税费模式的结算字段不同，应按渠道建立可追溯映射。不要把一个站点的设置直接复制到另一个站点。,建立按国家、平台和类目维护的规则版本。
收款、客服与风险,对账,新品推进订单与结算对账时，推荐的先后顺序是什么？,建议先统一主键与币种规则，再做周期对账，最后将异常反馈给运营、物流或财务。前一项未闭环前，不要扩大库存或广告投入。,把每个阶段的放行条件写入新品评审表。
收款、客服与风险,对账,关于订单与结算对账最常见的误区是什么？,常见误区是只看结算总额，不核对退款、广告、仓储、税费和跨期项目。应以“把订单收入、平台费用、广告、退款、税费、物流和实际到账按订单或结算周期匹配，识别差异”作为验证标准。,在复盘中记录误区对应的损失与预防动作。
收款、客服与风险,对账,哪些记录能证明订单与结算对账已被正确执行？,应保留订单导出、结算单、广告账单、物流账单、退款明细和差异清单。记录要能对应SKU、订单或批次，并与平台或申报数据一致。,统一文件命名、版本与留存责任，便于抽查。
收款、客服与风险,对账,何时应重新评估订单与结算对账？,当新增渠道、费用项目、币种、税务模式或差异超过阈值时应重新评估。复评后同步更新售价、库存、承诺时效或合规材料。,为关键变更设置自动提醒和复核负责人。
收款、客服与风险,交易风险,跨境电商中，欺诈与拒付防控是什么？,核心是通过订单异常规则、地址与支付校验、证据留存和及时响应，降低未授权交易、拒付和恶意索赔损失。跨境场景还要同时核对目的国要求、平台规则和实际履约能力。,将“欺诈与拒付防控”纳入站点与SKU的上线清单。
收款、客服与风险,交易风险,为什么要重视欺诈与拒付防控？,跨境交易距离远、信息不对称，事后缺少证据会增加拒付失败概率。决策不能只看短期成交，还要同步评估合规、履约和可持续利润。,在周度复盘中同时查看增长与风险指标。
收款、客服与风险,交易风险,如何建立欺诈与拒付防控的最小执行清单？,先识别高风险订单信号，设置人工审核和发货留证，按支付或平台流程在期限内回应。把结论写入可复查清单，未被证据支持的字段不作为上线依据。,先完成资料收集与逐项核对，再启动试运行。
收款、客服与风险,交易风险,如何用数据判断欺诈与拒付防控是否有效？,重点观察拒付率、欺诈损失、人工审核命中率、误拒率和争议胜诉率。指标应按站点、渠道和SKU拆分，避免总盘数据掩盖问题。,为相关指标设置固定口径、基线和预警阈值。
收款、客服与风险,交易风险,出现“出现高风险订单、异常地址、未授权投诉或拒付通知”时，怎样排查欺诈与拒付防控？,先定位订单、SKU、站点和时间区间，再从“识别高风险订单信号，设置人工审核和发货留证，按支付或平台流程在期限内回应”逐项回溯。对无法确认的事项应暂停放量。,建立异常工单，记录根因、责任人和关闭日期。
收款、客服与风险,交易风险,不同国家或平台下，欺诈与拒付防控应如何调整？,支付方式、地区风险和平台保护规则不同，应按渠道维护适用的审核与证据要求。不要把一个站点的设置直接复制到另一个站点。,建立按国家、平台和类目维护的规则版本。
收款、客服与风险,交易风险,新品推进欺诈与拒付防控时，推荐的先后顺序是什么？,建议先定义风险规则，再建立审核与证据SOP，最后按案件复盘并调整阈值。前一项未闭环前，不要扩大库存或广告投入。,把每个阶段的放行条件写入新品评审表。
收款、客服与风险,交易风险,关于欺诈与拒付防控最常见的误区是什么？,常见误区是为追求转化而取消全部核验，或在争议发生后才寻找发货证据。应以“通过订单异常规则、地址与支付校验、证据留存和及时响应，降低未授权交易、拒付和恶意索赔损失”作为验证标准。,在复盘中记录误区对应的损失与预防动作。
收款、客服与风险,交易风险,哪些记录能证明欺诈与拒付防控已被正确执行？,应保留订单信息、沟通、付款状态、签收、商品描述和争议回复。记录要能对应SKU、订单或批次，并与平台或申报数据一致。,统一文件命名、版本与留存责任，便于抽查。
收款、客服与风险,交易风险,何时应重新评估欺诈与拒付防控？,当拒付率、欺诈手法、支付规则、商品价格或目标市场变化时应重新评估。复评后同步更新售价、库存、承诺时效或合规材料。,为关键变更设置自动提醒和复核负责人。
收款、客服与风险,客服,跨境电商中，多语种客服是什么？,核心是用客户可理解的语言和明确时限处理售前咨询、物流异常、使用问题和售后请求，并把高频问题反哺商品页。跨境场景还要同时核对目的国要求、平台规则和实际履约能力。,将“多语种客服”纳入站点与SKU的上线清单。
收款、客服与风险,客服,为什么要重视多语种客服？,清晰、及时的客服可减少退款、差评和支付争议。决策不能只看短期成交，还要同步评估合规、履约和可持续利润。,在周度复盘中同时查看增长与风险指标。
收款、客服与风险,客服,如何建立多语种客服的最小执行清单？,先建立语言覆盖、响应时限、模板、升级条件和知识库，先解决事实再提供可执行方案。把结论写入可复查清单，未被证据支持的字段不作为上线依据。,先完成资料收集与逐项核对，再启动试运行。
收款、客服与风险,客服,如何用数据判断多语种客服是否有效？,重点观察首次响应时长、解决时长、满意度、重复咨询率、退款率和差评主题。指标应按站点、渠道和SKU拆分，避免总盘数据掩盖问题。,为相关指标设置固定口径、基线和预警阈值。
收款、客服与风险,客服,出现“客户无法理解答复、问题反复出现或异常订单无人跟进”时，怎样排查多语种客服？,先定位订单、SKU、站点和时间区间，再从“建立语言覆盖、响应时限、模板、升级条件和知识库，先解决事实再提供可执行方案”逐项回溯。对无法确认的事项应暂停放量。,建立异常工单，记录根因、责任人和关闭日期。
收款、客服与风险,客服,不同国家或平台下，多语种客服应如何调整？,语言、工作时段、消费者权利和沟通习惯应按市场配置，机器翻译需人工复核高风险内容。不要把一个站点的设置直接复制到另一个站点。,建立按国家、平台和类目维护的规则版本。
收款、客服与风险,客服,新品推进多语种客服时，推荐的先后顺序是什么？,建议先覆盖高频问题和订单异常，再建立升级路径，最后把共性问题同步给运营与产品。前一项未闭环前，不要扩大库存或广告投入。,把每个阶段的放行条件写入新品评审表。
收款、客服与风险,客服,关于多语种客服最常见的误区是什么？,常见误区是只翻译模板，不给客服订单、库存、物流和政策的实时信息。应以“用客户可理解的语言和明确时限处理售前咨询、物流异常、使用问题和售后请求，并把高频问题反哺商品页”作为验证标准。,在复盘中记录误区对应的损失与预防动作。
收款、客服与风险,客服,哪些记录能证明多语种客服已被正确执行？,应保留客服工单、话术版本、订单记录、升级日志、满意度与问题归因。记录要能对应SKU、订单或批次，并与平台或申报数据一致。,统一文件命名、版本与留存责任，便于抽查。
收款、客服与风险,客服,何时应重新评估多语种客服？,当进入新市场、产品变更、投诉上升、时效波动或政策调整时应重新评估。复评后同步更新售价、库存、承诺时效或合规材料。,为关键变更设置自动提醒和复核负责人。
收款、客服与风险,售后,跨境电商中，退款与补发决策是什么？,核心是依据商品状态、证据、客户权益、平台政策和单位成本，在退款、补发、部分退款或退货之间做一致决策。跨境场景还要同时核对目的国要求、平台规则和实际履约能力。,将“退款与补发决策”纳入站点与SKU的上线清单。
收款、客服与风险,售后,为什么要重视退款与补发决策？,标准化决策能平衡客户体验、损失控制和团队执行效率。决策不能只看短期成交，还要同步评估合规、履约和可持续利润。,在周度复盘中同时查看增长与风险指标。
收款、客服与风险,售后,如何建立退款与补发决策的最小执行清单？,先定义按金额、问题类型、证据和是否可再售的处理矩阵，并授权不同金额级别。把结论写入可复查清单，未被证据支持的字段不作为上线依据。,先完成资料收集与逐项核对，再启动试运行。
收款、客服与风险,售后,如何用数据判断退款与补发决策是否有效？,重点观察退款率、补发率、处理时长、客诉升级率、逆向成本和满意度。指标应按站点、渠道和SKU拆分，避免总盘数据掩盖问题。,为相关指标设置固定口径、基线和预警阈值。
收款、客服与风险,售后,出现“同类问题由不同客服给出不一致方案，或补发成本失控”时，怎样排查退款与补发决策？,先定位订单、SKU、站点和时间区间，再从“定义按金额、问题类型、证据和是否可再售的处理矩阵，并授权不同金额级别”逐项回溯。对无法确认的事项应暂停放量。,建立异常工单，记录根因、责任人和关闭日期。
收款、客服与风险,售后,不同国家或平台下，退款与补发决策应如何调整？,目的国消费者规则和平台争议时限不同，处理矩阵需按站点维护。不要把一个站点的设置直接复制到另一个站点。,建立按国家、平台和类目维护的规则版本。
收款、客服与风险,售后,新品推进退款与补发决策时，推荐的先后顺序是什么？,建议先确认政策与证据，再执行处理与通知，最后归因到产品、物流或页面。前一项未闭环前，不要扩大库存或广告投入。,把每个阶段的放行条件写入新品评审表。
收款、客服与风险,售后,关于退款与补发决策最常见的误区是什么？,常见误区是把所有问题都用全额退款解决，未区分责任与长期根因。应以“依据商品状态、证据、客户权益、平台政策和单位成本，在退款、补发、部分退款或退货之间做一致决策”作为验证标准。,在复盘中记录误区对应的损失与预防动作。
收款、客服与风险,售后,哪些记录能证明退款与补发决策已被正确执行？,应保留工单、照片、物流证据、退款补发记录、审批和原因代码。记录要能对应SKU、订单或批次，并与平台或申报数据一致。,统一文件命名、版本与留存责任，便于抽查。
收款、客服与风险,售后,何时应重新评估退款与补发决策？,当退款率、法规、平台政策、产品质量或物流异常发生变化时应重新评估。复评后同步更新售价、库存、承诺时效或合规材料。,为关键变更设置自动提醒和复核负责人。
收款、客服与风险,数据,跨境电商中，跨境经营仪表盘是什么？,核心是用站点、渠道、SKU和时间四个维度汇总流量、转化、收入、利润、库存、履约、售后和账户风险指标。跨境场景还要同时核对目的国要求、平台规则和实际履约能力。,将“跨境经营仪表盘”纳入站点与SKU的上线清单。
收款、客服与风险,数据,为什么要重视跨境经营仪表盘？,统一仪表盘让团队及时发现增长与风险之间的关联，而非各自看孤立报表。决策不能只看短期成交，还要同步评估合规、履约和可持续利润。,在周度复盘中同时查看增长与风险指标。
收款、客服与风险,数据,如何建立跨境经营仪表盘的最小执行清单？,先先定义指标口径和数据来源，再设置日常监控、周复盘与异常阈值。把结论写入可复查清单，未被证据支持的字段不作为上线依据。,先完成资料收集与逐项核对，再启动试运行。
收款、客服与风险,数据,如何用数据判断跨境经营仪表盘是否有效？,重点观察GMV、贡献毛利、转化率、库存可售天数、妥投率、退款率和账户健康。指标应按站点、渠道和SKU拆分，避免总盘数据掩盖问题。,为相关指标设置固定口径、基线和预警阈值。
收款、客服与风险,数据,出现“数据口径不一致，或团队只看销售额而忽略利润与服务”时，怎样排查跨境经营仪表盘？,先定位订单、SKU、站点和时间区间，再从“先定义指标口径和数据来源，再设置日常监控、周复盘与异常阈值”逐项回溯。对无法确认的事项应暂停放量。,建立异常工单，记录根因、责任人和关闭日期。
收款、客服与风险,数据,不同国家或平台下，跨境经营仪表盘应如何调整？,按平台、币种、税费和结算周期统一口径后再汇总，保留原始来源可追溯。不要把一个站点的设置直接复制到另一个站点。,建立按国家、平台和类目维护的规则版本。
收款、客服与风险,数据,新品推进跨境经营仪表盘时，推荐的先后顺序是什么？,建议先建立核心指标，再增加诊断指标，最后把异常转成明确责任和行动。前一项未闭环前，不要扩大库存或广告投入。,把每个阶段的放行条件写入新品评审表。
收款、客服与风险,数据,关于跨境经营仪表盘最常见的误区是什么？,常见误区是指标过多却没有口径、阈值、负责人和复盘节奏。应以“用站点、渠道、SKU和时间四个维度汇总流量、转化、收入、利润、库存、履约、售后和账户风险指标”作为验证标准。,在复盘中记录误区对应的损失与预防动作。
收款、客服与风险,数据,哪些记录能证明跨境经营仪表盘已被正确执行？,应保留指标字典、数据导出、计算口径、复盘纪要和异常行动记录。记录要能对应SKU、订单或批次，并与平台或申报数据一致。,统一文件命名、版本与留存责任，便于抽查。
收款、客服与风险,数据,何时应重新评估跨境经营仪表盘？,当新增渠道、指标口径、费用项目、业务目标或异常模式变化时应重新评估。复评后同步更新售价、库存、承诺时效或合规材料。,为关键变更设置自动提醒和复核负责人。
收款、客服与风险,预测,跨境电商中，需求预测与补货预测是什么？,核心是用历史销售、季节性、促销、价格、库存可得性和提前期形成滚动预测，并持续比较预测与实际。跨境场景还要同时核对目的国要求、平台规则和实际履约能力。,将“需求预测与补货预测”纳入站点与SKU的上线清单。
收款、客服与风险,预测,为什么要重视需求预测与补货预测？,预测直接影响备货、现金流、广告和仓储成本，准确性需服务于决策而非追求绝对数字。决策不能只看短期成交，还要同步评估合规、履约和可持续利润。,在周度复盘中同时查看增长与风险指标。
收款、客服与风险,预测,如何建立需求预测与补货预测的最小执行清单？,先清洗历史数据，标记断货和活动异常，按SKU和站点生成基准、上行与下行情景。把结论写入可复查清单，未被证据支持的字段不作为上线依据。,先完成资料收集与逐项核对，再启动试运行。
收款、客服与风险,预测,如何用数据判断需求预测与补货预测是否有效？,重点观察预测偏差、缺货率、滞销率、库存周转和补货提前期。指标应按站点、渠道和SKU拆分，避免总盘数据掩盖问题。,为相关指标设置固定口径、基线和预警阈值。
收款、客服与风险,预测,出现“预测持续高估导致滞销，或低估导致长期断货”时，怎样排查需求预测与补货预测？,先定位订单、SKU、站点和时间区间，再从“清洗历史数据，标记断货和活动异常，按SKU和站点生成基准、上行与下行情景”逐项回溯。对无法确认的事项应暂停放量。,建立异常工单，记录根因、责任人和关闭日期。
收款、客服与风险,预测,不同国家或平台下，需求预测与补货预测应如何调整？,各市场的节日、气候、文化和平台活动节奏不同，应分站点建模和复盘。不要把一个站点的设置直接复制到另一个站点。,建立按国家、平台和类目维护的规则版本。
收款、客服与风险,预测,新品推进需求预测与补货预测时，推荐的先后顺序是什么？,建议先建立简单基线，再纳入已知活动与供给约束，最后按周期校准。前一项未闭环前，不要扩大库存或广告投入。,把每个阶段的放行条件写入新品评审表。
收款、客服与风险,预测,关于需求预测与补货预测最常见的误区是什么？,常见误区是把断货期间的低销量当成真实需求，或把一次大促当作常态。应以“用历史销售、季节性、促销、价格、库存可得性和提前期形成滚动预测，并持续比较预测与实际”作为验证标准。,在复盘中记录误区对应的损失与预防动作。
收款、客服与风险,预测,哪些记录能证明需求预测与补货预测已被正确执行？,应保留历史销量、活动日历、库存状态、预测版本、实际结果和复盘记录。记录要能对应SKU、订单或批次，并与平台或申报数据一致。,统一文件命名、版本与留存责任，便于抽查。
收款、客服与风险,预测,何时应重新评估需求预测与补货预测？,当季节、价格、活动、竞争、提前期或预测偏差越过阈值时应重新评估。复评后同步更新售价、库存、承诺时效或合规材料。,为关键变更设置自动提醒和复核负责人。
收款、客服与风险,库存协同,跨境电商中，多渠道库存同步是什么？,核心是让各渠道的可售、预留、在途、残次和退货库存按统一SKU和规则同步，防止超卖与错配。跨境场景还要同时核对目的国要求、平台规则和实际履约能力。,将“多渠道库存同步”纳入站点与SKU的上线清单。
收款、客服与风险,库存协同,为什么要重视多渠道库存同步？,多渠道扩张会放大库存信息延迟，库存准确性直接影响客户承诺和广告效率。决策不能只看短期成交，还要同步评估合规、履约和可持续利润。,在周度复盘中同时查看增长与风险指标。
收款、客服与风险,库存协同,如何建立多渠道库存同步的最小执行清单？,先定义库存状态与扣减时点，建立渠道同步频率、库存缓冲和异常补偿流程。把结论写入可复查清单，未被证据支持的字段不作为上线依据。,先完成资料收集与逐项核对，再启动试运行。
收款、客服与风险,库存协同,如何用数据判断多渠道库存同步是否有效？,重点观察库存准确率、超卖率、同步延迟、取消率、盘点差异和缺货损失。指标应按站点、渠道和SKU拆分，避免总盘数据掩盖问题。,为相关指标设置固定口径、基线和预警阈值。
收款、客服与风险,库存协同,出现“渠道显示有货但仓内无货，或退货未及时回写可售库存”时，怎样排查多渠道库存同步？,先定位订单、SKU、站点和时间区间，再从“定义库存状态与扣减时点，建立渠道同步频率、库存缓冲和异常补偿流程”逐项回溯。对无法确认的事项应暂停放量。,建立异常工单，记录根因、责任人和关闭日期。
收款、客服与风险,库存协同,不同国家或平台下，多渠道库存同步应如何调整？,各平台的预留逻辑、取消时点和库存接口不同，应在上线前做订单全流程验证。不要把一个站点的设置直接复制到另一个站点。,建立按国家、平台和类目维护的规则版本。
收款、客服与风险,库存协同,新品推进多渠道库存同步时，推荐的先后顺序是什么？,建议先统一SKU与库存状态，再接入一个渠道验证，稳定后逐步扩展并监控差异。前一项未闭环前，不要扩大库存或广告投入。,把每个阶段的放行条件写入新品评审表。
收款、客服与风险,库存协同,关于多渠道库存同步最常见的误区是什么？,常见误区是只追求实时同步，未设计异常降级、缓冲和人工修正流程。应以“让各渠道的可售、预留、在途、残次和退货库存按统一SKU和规则同步，防止超卖与错配”作为验证标准。,在复盘中记录误区对应的损失与预防动作。
收款、客服与风险,库存协同,哪些记录能证明多渠道库存同步已被正确执行？,应保留SKU映射、库存日志、订单状态、盘点表、接口异常和调整记录。记录要能对应SKU、订单或批次，并与平台或申报数据一致。,统一文件命名、版本与留存责任，便于抽查。
收款、客服与风险,库存协同,何时应重新评估多渠道库存同步？,当新增渠道、仓库、套装、接口、取消规则或库存差异升高时应重新评估。复评后同步更新售价、库存、承诺时效或合规材料。,为关键变更设置自动提醒和复核负责人。
收款、客服与风险,组织与应急,跨境电商中，跨境运营 SOP 与应急预案是什么？,核心是把选品、上架、合规、发货、客服、对账、申诉和异常升级定义为有负责人、时限和证据要求的标准流程。跨境场景还要同时核对目的国要求、平台规则和实际履约能力。,将“跨境运营 SOP 与应急预案”纳入站点与SKU的上线清单。
收款、客服与风险,组织与应急,为什么要重视跨境运营 SOP 与应急预案？,跨境业务涉及多系统与多时区，SOP能降低人员变动和突发事件对经营的影响。决策不能只看短期成交，还要同步评估合规、履约和可持续利润。,在周度复盘中同时查看增长与风险指标。
收款、客服与风险,组织与应急,如何建立跨境运营 SOP 与应急预案的最小执行清单？,先梳理关键流程和单点风险，明确触发条件、负责人、替代人、升级路径和复盘要求。把结论写入可复查清单，未被证据支持的字段不作为上线依据。,先完成资料收集与逐项核对，再启动试运行。
收款、客服与风险,组织与应急,如何用数据判断跨境运营 SOP 与应急预案是否有效？,重点观察SOP执行率、异常响应时长、重复错误率、培训完成率和问题关闭率。指标应按站点、渠道和SKU拆分，避免总盘数据掩盖问题。,为相关指标设置固定口径、基线和预警阈值。
收款、客服与风险,组织与应急,出现“账户受限、清关中断、物流大面积延迟、支付冻结或关键人员缺位”时，怎样排查跨境运营 SOP 与应急预案？,先定位订单、SKU、站点和时间区间，再从“梳理关键流程和单点风险，明确触发条件、负责人、替代人、升级路径和复盘要求”逐项回溯。对无法确认的事项应暂停放量。,建立异常工单，记录根因、责任人和关闭日期。
收款、客服与风险,组织与应急,不同国家或平台下，跨境运营 SOP 与应急预案应如何调整？,预案要考虑目的国假期、语言、平台支持渠道、承运商与当地法规差异。不要把一个站点的设置直接复制到另一个站点。,建立按国家、平台和类目维护的规则版本。
收款、客服与风险,组织与应急,新品推进跨境运营 SOP 与应急预案时，推荐的先后顺序是什么？,建议先覆盖高风险且高频流程，再演练异常场景，最后按真实事件更新版本。前一项未闭环前，不要扩大库存或广告投入。,把每个阶段的放行条件写入新品评审表。
收款、客服与风险,组织与应急,关于跨境运营 SOP 与应急预案最常见的误区是什么？,常见误区是SOP只写原则不写触发条件、责任人、时限和所需证据。应以“把选品、上架、合规、发货、客服、对账、申诉和异常升级定义为有负责人、时限和证据要求的标准流程”作为验证标准。,在复盘中记录误区对应的损失与预防动作。
收款、客服与风险,组织与应急,哪些记录能证明跨境运营 SOP 与应急预案已被正确执行？,应保留流程图、责任矩阵、工单、演练记录、复盘报告和版本历史。记录要能对应SKU、订单或批次，并与平台或申报数据一致。,统一文件命名、版本与留存责任，便于抽查。
收款、客服与风险,组织与应急,何时应重新评估跨境运营 SOP 与应急预案？,当发生重大异常、流程变更、人员调整、平台政策或市场风险变化时应重新评估。复评后同步更新售价、库存、承诺时效或合规材料。,为关键变更设置自动提醒和复核负责人。
