source_id,platform,market,topic,source_title,source_url,official_domain,page_date,effective_date,last_verified_date,rows_supported,notes
AMZ-S01,Amazon,US,申诉;退款退货,How to manage Amazon customer returns for seller-fulfilled orders,https://sell.amazon.com/blog/manage-customer-returns,sell.amazon.com,2025-04-15,,2026-10-02,P0001;P0002;P0003;P0004;P0005;P0006,公开自配送退货指南；A-to-z、SAFE-T 和扣费后台细则未取得正文。；官方页面未明确标注生效日期。；核验要点：退款章节：收到退货后两天内退款；FAQ：符合预付退货标签计划的自动授权退货可首次扫描即退款；退运费按退货原因承担；申诉章节允许提交无效索赔证据。
AMZ-S02,Amazon,US,费用与结算;退款退货,Upgrades to Customer Service by Amazon help sellers save time and reduce refunds,https://sell.amazon.com/blog/announcements/upgrades-to-customer-service-by-amazon,sell.amazon.com,2026-05-22,,2026-10-02,P0007;P0008,仅适用于 CSBA 服务内的自配送订单；正文称功能已可用，未明确生效日；取消的 95% VTR 条件仅指 CSBA 免费资格。；官方页面未明确标注生效日期。；核验要点：升级正文：仅三类场景可不退货退款；受索赔保护的标签及善意退款自动赔付；免费条件为联系率低于 3% 或每季度少于 30 单，另有 90 天试用。
AMZ-S03,Amazon,US,商品合规,Simplify product safety with the Manage Your Compliance dashboard,https://sell.amazon.com/blog/manage-your-compliance,sell.amazon.com,2022-08-03,,2026-10-02,P0009;P0010,较早的官方公开功能指南；文件要求应按实际 ASIN、销售国家和后台请求核对，未引用旧版批量数量上限。；官方页面未明确标注生效日期。；核验要点：正文合规风险段与功能列表：缺文件可影响商品和账号；按 ASIN/SKU 查看文件及审核状态；支持单项、批量文件与申诉管理。
AMZ-S04,Amazon,US,商品合规;订单履约,How to sell groceries in the Amazon store,https://sell.amazon.com/blog/how-to-sell-groceries-amazon,sell.amazon.com,2026-01-08,,2026-10-02,P0011;P0012;P0013,仅取美国食品销售及 FBA 准入规则；未把按商品申请可能需要的材料泛化为所有卖家必需。；官方页面未明确标注生效日期。；核验要点：食品要求章节：仅新品且包装完好；美国英文标签列出商品、企业、数量、成分、营养及到期信息；冷藏、冷冻食品不适用 FBA，可考虑合规自配送。
AMZ-S05,Amazon,US,账号与违规,Amazon seller policies to know to keep your business thriving,https://sell.amazon.com/blog/selling-policies,sell.amazon.com,2024-10-16,,2026-10-02,P0014;P0015;P0016;P0017,公开政策概览；不包含指标计算周期、豁免和具体停用处置细则，未承诺达标即可避免所有停用。；官方页面未明确标注生效日期。；核验要点：账号表现章节：AHR 0—1000；一般 ODR 低于 1%；自配送取消率低于 2.5%，迟发率建议低于 4%；FAQ 行为准则禁止虚假信息、排名评论操纵与假货等。
AMZ-S06,Amazon,US,订单履约,How to manage seller-fulfilled orders on Amazon,https://sell.amazon.com/blog/amazon-order-management,sell.amazon.com,2025-01-31,,2026-10-02,P0018;P0019;P0020,仅自配送订单；买家取消例外要求存在买家取消请求，不推广为卖家自行取消免责。；官方页面未明确标注生效日期。；核验要点：订单状态及常见问题：Pending 不得发货或联系；正式买家取消请求不影响取消率；下单后不能编辑地址；已发货订单可填承运商和追踪号确认，Buy Shipping 自动确认。
AMZ-S07,Amazon,US,物流,"Amazon Buy Shipping — Easy, low-cost shipping from trusted carriers",https://sell.amazon.com/tools/buy-shipping,sell.amazon.com,,,2026-10-02,P0021;P0022,产品页和脚注均已读取；不引用宣传中的索赔收益倍数，保护范围应按实际标签及索赔条件核对。；官方页面未明确标注生效日期。页面未明确标注日期。；核验要点：保护脚注：购买 Buy Shipping 标签、承运商首次扫描按时，并在 48 小时内回复买家消息；连接支持的自有承运商账户可用协议价并保留计划保护。
AMZ-S08,Amazon,US,商品合规,How to sell health and personal care products on Amazon,https://sell.amazon.com/blog/how-to-sell-health-personal-care,sell.amazon.com,2026-04-01,,2026-10-02,P0023;P0024,专业处方医疗器械准入与禁止段落存在范围冲突，相关结论排除并列入 conflicts；仅使用不冲突的宣称与危险品部分。；官方页面未明确标注生效日期。；核验要点：禁止商品及危险品章节：未经批准的健康宣称和 FDA 批准用语不可用；分类为危险品需 SDS/MSDS 审核，经 FBA 销售需危险品计划资格。
AMZ-S09,Amazon,US,商品发布,Sell generic products in the Amazon store,https://sell.amazon.com/blog/sell-generic-products,sell.amazon.com,2025-04-23,,2026-10-02,P0025;P0026;P0027,仅 Amazon generic 商品流程；豁免与类目审批为不同事项，不保证豁免申请一定获批。；官方页面未明确标注生效日期。；核验要点：无品牌识别及品牌变更章节：商品和包装均无可识别品牌；generic 后不能修改为品牌；无商品 ID 可申请 GTIN 豁免，类目审批仍可能需要。
AMZ-S10,Amazon,US,商品发布,How to fix (and avoid) Amazon listing errors,https://sell.amazon.com/blog/amazon-listing-errors,sell.amazon.com,2025-02-19,,2026-10-02,P0028;P0029,仅列出正文实际解释的错误码及处理入口；未扩写发票、商标或图片的统一提交要求。；官方页面未明确标注生效日期。；核验要点：错误码章节：5461 检查品牌创建权限和拼写；5665 品牌未获授权，可注册品牌或申请未注册品牌；5886/5887 无法申诉修改或向他人 generic 页面添加报价。
AMZ-S11,Amazon,US,商品发布,6 tips for taking product photos in 2025,https://sell.amazon.com/blog/product-photos,sell.amazon.com,2024-12-04,,2026-10-02,P0030;P0031,区分硬性最低图片数量与建议数量；未将拍摄建议推定为全类目主图硬性政策。；官方页面未明确标注生效日期。；核验要点：FAQ 商品图片要求：至少一张，建议六张；最长边 500—10000 像素；支持 JPEG、TIFF、PNG 与非动画 GIF，图片需清晰。
AMZ-S12,Amazon,US,商品发布,How to create Amazon product listings,https://sell.amazon.com/blog/amazon-product-listings,sell.amazon.com,2026-04-29,,2026-10-02,P0032;P0033;P0034,变体示例限同一商品的不同版本；未推定所有类目都允许相同变体主题。；官方页面未明确标注生效日期。；核验要点：创建商品及 FAQ：已收录商品添加报价；注册品牌的新详情页需品牌代表或经销角色；变体为同一商品的尺寸、颜色等版本，可用 Variation Wizard。
AMZ-S13,Amazon,US,订单履约;退款退货,How to dropship on Amazon in 2025,https://sell.amazon.com/blog/dropshipping-on-amazon,sell.amazon.com,2025-08-10,,2026-10-02,P0035;P0036,只使用 Amazon 代发货准入责任，未收录普通选品或供应商经营建议。；官方页面未明确标注生效日期。；核验要点：准入三点：协议确认卖家为记录卖家；包裹、装箱单、发票不得标识其他第三方卖家；卖家承担退货及客服职责。
AMZ-S14,Amazon,US,物流,"FBA prep, packaging, and labeling: A beginners guide",https://sell.amazon.com/blog/fba-packaging-prep-labeling,sell.amazon.com,2026-07-07,,2026-10-02,P0037;P0038,按使用 Amazon 商品标签的情形描述贴标；塑料袋厚度和制造商条码适用细则未取得后台正文，不写入 QA。；官方页面未明确标注生效日期。；核验要点：贴标与包装章节：Amazon 标签贴于平滑可扫描位置并处理原条码；整套销售合并包装并标明不可拆分；不合规包装可拒收、退回或卖家付费重包。
AMZ-S15,Amazon,US,物流,How to track FBA shipments,https://sell.amazon.com/blog/fba-shipment-tracking,sell.amazon.com,2025-01-07,,2026-10-02,P0039;P0040;P0041,仅公开入库追踪和对账流程；未引用 45/75 天关单时间或推导统一丢件索赔期限。；官方页面未明确标注生效日期。；核验要点：货件状态章节：Receiving 不等于可立即发出；对账步骤需货件具备资格并提交所有权及送达凭证；请求追加信息须在五个工作日内回复。
AMZ-S16,Amazon,US,费用与结算,Learn how Amazon FBA fees work to maximize your profit,https://sell.amazon.com/blog/fba-fees-guide,sell.amazon.com,2026-07-24,,2026-10-02,P0042;P0043,只收录费用构成与后台查询入口，未将计算器估值当作固定收费或最终账单。；官方页面未明确标注生效日期。；核验要点：费用及 FAQ：配送、月度仓储等费用另于销售计划和佣金；没有统一 FBA 月服务费；Fee Preview 估算和 Payments 实际费用可分别查询。
AMZ-S17,Amazon,US,费用与结算,Standard selling fees,https://sell.amazon.com/pricing,sell.amazon.com,,,2026-10-02,P0044;P0045;P0046,实时公开美国费用页；未将页面抓取日视为费率生效日，类目费率及可选服务费用仍需具体核对。；官方页面未明确标注生效日期。页面未明确标注日期。；核验要点：销售计划：个人每件 0.99 美元、专业每月 39.99 美元；佣金按总价百分比与适用最低额较高者，总价含运费及礼品包装；收费类目可能不同于买家浏览类目。
AMZ-S18,Amazon,US,费用与结算,How Amazon seller payments work,https://sell.amazon.com/blog/amazon-seller-payments,sell.amazon.com,2025-07-30,,2026-10-02,P0047;P0048,通常到账时间与结算节奏，非保证；未推导全部卖家统一的预留释放日期。；官方页面未明确标注生效日期。；核验要点：付款 FAQ：通常每两周结算，发起后最多五个工作日到账；超过五个工作日可用追踪 ID 向银行查询；主账号持有人可更新收款银行信息。
AMZ-S19,Amazon,US,广告与经营,A complete guide to Sponsored Brands and display ads moderation,https://advertising.amazon.com/library/guides/sponsored-brands-display-ads-moderation,advertising.amazon.com,,,2026-10-02,P0049;P0050;P0051,适用该指南覆盖的品牌及展示广告；正文存在背景色清单表述冲突，未使用该结论；完整广告政策帮助页未取得正文。；官方页面未明确标注生效日期。页面未明确标注日期。；核验要点：商品宣称、比较和 Amazon 品牌章节：广告宣称需对应详情页并有证明；不得明确点名竞争者；Amazon 品牌素材须提前获书面批准。
AMZ-S20,Amazon,US,广告与经营,Sponsored Products,https://advertising.amazon.com/solutions/products/sponsored-products,advertising.amazon.com,,,2026-10-02,P0052;P0053,取产品准入及按点击计费正文；文内研究资料月份不作为政策更新或生效日。；官方页面未明确标注生效日期。页面未明确标注日期。；核验要点：FAQ：专业卖家等可用，商品须适用类目且具 Featured Offer 资格；成人、二手、翻新和封闭类目商品不适用；按点击付费，无广告活动预付或月费。
AMZ-S21,Amazon,US,广告与经营,Customer Reviews tool — Track and respond to customer reviews,https://sell.amazon.com/tools/customer-reviews,sell.amazon.com,,,2026-10-02,P0054;P0055,不把商品评论与卖家反馈混为一谈；售后联系不得附加删除差评或发布好评条件。；官方页面未明确标注生效日期。页面未明确标注日期。；核验要点：资格及 FAQ：专业账户并具有注册品牌代表角色；低于三星可提供退款或支持；不能要求改删评论；违规评论从详情页举报，非负面即自动删除。
AMZ-S22,Amazon,US,广告与经营;费用与结算,Amazon Vine — Drive business growth with authentic customer reviews,https://sell.amazon.com/programs/vine,sell.amazon.com,,,2026-10-02,P0056;P0057;P0058,仅美国 Vine 费用及准入；Vine Voices 领取后停止与取消不同，停止后不得重新报名。；官方页面未明确标注生效日期。页面未明确标注日期。；核验要点：准入与 FAQ：专业账户、注册品牌角色或 generic 商品、合格 FBA 报价及少于 30 条评论；父商品报名费 0/75/200 美元三档；30 天及首评后收费，90 天无评不收费；无人领取可取消。
AMZ-S23,Amazon,US,退款退货,Fulfilled by Merchant — Optimize how you fulfill customer orders,https://sell.amazon.com/programs/fulfilled-by-merchant,sell.amazon.com,,,2026-10-02,P0059,美国自配送项目页，退货规则按正文步骤三与五；未引用宣传中的索赔收益倍数。；官方页面未明确标注生效日期。页面未明确标注日期。；核验要点：步骤三：自行退货政策须达到或超过 Amazon 标准；步骤五：美国销售自动加入预付退货标签计划，符合政策自动授权，例外由卖家审核，24 小时内回复。
TTS-S01,TikTok Shop,US,退款退货,"Requirements for Managing Returns, Refunds, and Replacements",https://seller-us.tiktok.com/university/essay?knowledge_id=984433248438058,seller-us.tiktok.com,2026-08-20,,2026-10-02,P0060,本次联网打开官方原始页面并读取正文；页首日期不等同生效日期。本次正文页首为08/20/2026；搜索结果出现09/17/2026的渠道差异未用作生效日期。运费段与FAQ冲突未派生通用成本QA。；官方页面未明确标注生效日期。；核验要点：正文不可退商品节（179行）：≤100美元2个工作日、>100美元4个工作日；未发货节（188–190行）24小时；退货评级（80–96行）JPG/PNG、每文件≤5MB、最多6张；自动部分退款（133–142行）；换货补发（281–286行）。
TTS-S02,TikTok Shop,US,订单履约;退款退货,"Customer Order Cancellation, Return, and Refund Policy",https://seller-us.tiktok.com/university/essay?knowledge_id=3253210454181634,seller-us.tiktok.com,2026-09-28,,2026-10-02,P0061;P0062;P0063;P0064;P0065,本次联网打开官方原始页面并读取正文；页首日期不等同生效日期。一般售后4工作日与商品问题48小时、Final Sale价档及摘要存在适用边界差异，已记conflicts/gaps。；官方页面未明确标注生效日期。；核验要点：卖家取消（145–151行）；退货窗口（216–243行）默认Delivered后30个自然日、节日可覆盖；逆向物流停滞（266行）≥10天可加速退款；假/错误退货地址（272–274行）；4PL未收货仅退款（635–638行）。
TTS-S03,TikTok Shop,US,申诉,Requirements for After-sales Dispute Escalations,https://seller-us.tiktok.com/university/essay?course_type=1&from=search&identity=1&knowledge_id=3985068541478658&role=1,seller-us.tiktok.com,2026-09-02,,2026-10-02,P0066;P0067;P0068,本次联网打开官方原始页面并读取正文；页首日期不等同生效日期。售后纠纷申诉与违规处罚申诉是不同流程。；官方页面未明确标注生效日期。；核验要点：售后纠纷时限表及证据流程（282–310行）：通知后48小时交证据；裁定申诉（331–334行）：收到裁定后30个自然日；缺件/空包证据（101–109行）须关联订单并证明所有承诺物品已装包。
TTS-S04,TikTok Shop,US,退款退货,Non-Buyer Fault Return & Refund Rate (NBFR) Requirements,https://seller-us.tiktok.com/university/essay?knowledge_id=5914428974778167,seller-us.tiktok.com,2026-07-01,,2026-10-02,P0069;P0070;P0071,本次联网打开官方原始页面并读取正文；页首日期不等同生效日期。；官方页面未明确标注生效日期。；核验要点：范围及算法（72–82、108–120行）：过去60天已送达订单中卖家/物流责任退货退款占比；例外（97–103行）；SPS影响（125–133行）。
TTS-S05,TikTok Shop,US,申诉;账号与违规;费用与结算,Seller Enforcement Policy,https://seller-us.tiktok.com/university/essay?course_type=1&from=search&identity=1&knowledge_id=2380042836166443&role=1,seller-us.tiktok.com,2026-07-31,,2026-10-02,P0072;P0073;P0074;P0075;P0076,原始带编码搜索参数的URL曾读取成功，复查报错；使用本条标准搜索参数URL再次打开并读取正文，07/31/2026为页首日期，未明确标注生效日期。；核验要点：一般申诉（135–145行）：每违规2次、首次30天、二次被拒后15天，部分事项12–72小时；纠正（146–153行）12–72小时；关联账号（99–113行）；买家PII（115–128行）；资金暂扣（87–97行）45/90/365天。
TTS-S06,TikTok Shop,US,账号与违规,Account Health Rating (AHR) Requirements,https://seller-us.tiktok.com/university/essay?knowledge_id=6750828276418350,seller-us.tiktok.com,2026-06-29,,2026-10-02,P0077;P0078;P0079;P0080,本次联网打开官方原始页面并读取正文；页首日期不等同生效日期。；官方页面未明确标注生效日期。；核验要点：AHR定义（70–75行）：0–1000、过去180天、初始200；加分（79–84行）：每200完成订单4分、每周最多20；里程碑（108–121行）150/100/50对应7/14/28天、0可永久停用；重置例外（131–136行）。
TTS-S07,TikTok Shop,US,商品合规,Prohibited Products Policy,https://seller-us.tiktok.com/university/essay?knowledge_id=1399532709988097,seller-us.tiktok.com,2026-09-29,,2026-10-02,P0081;P0082;P0083;P0084,本次联网打开官方原始页面并读取正文；页首日期不等同生效日期。；官方页面未明确标注生效日期。；核验要点：禁止产品总类（83–90行）含灰色市场及制裁产地；酒/烟/电子烟（92–104行）：可食用含酒精≥0.5%ABV食品禁售；无尼古丁吸入型电子烟仍禁；排除酒主题商品等。
TTS-S08,TikTok Shop,US,商品合规,Restricted Products Policy,https://seller-us.tiktok.com/university/essay?knowledge_id=3238037484275457&lang=en,seller-us.tiktok.com,2026-09-01,,2026-10-02,P0085;P0086;P0087,本次联网打开官方原始页面并读取正文；页首日期不等同生效日期。采用实际打开的英文官方页面URL。；官方页面未明确标注生效日期。；核验要点：资格级别（100–104行）：类目、逐商品及邀请制；逐商品清单（128–146行）；邀请制（147–161行）含膳食补充剂；平台可要求补充资料（95–104行）。
TTS-S09,TikTok Shop,US,商品发布,Product Listing Policy,https://seller-us.tiktok.com/university/essay?knowledge_id=3196690250417921,seller-us.tiktok.com,2026-09-01,,2026-10-02,P0088;P0089;P0090;P0091,本次联网打开官方原始页面并读取正文；页首日期不等同生效日期。；官方页面未明确标注生效日期。；核验要点：禁止发布行为（85–87行）旧listing换产品及重复listing；图片（189–196行）最多9张、主图白底、≥600×600；类目（166–178行）卖家须复核自动建议。
TTS-S10,TikTok Shop,US,商品合规,Intellectual Property Policy,https://seller-us.tiktok.com/university/essay?default_language=en&knowledge_id=6837901778306818,seller-us.tiktok.com,2026-07-16,,2026-10-02,P0092;P0093;P0094,本次联网打开官方原始页面并读取正文；页首日期不等同生效日期。具体法律例外及个案权利判断不在这些QA中扩展。；官方页面未明确标注生效日期。；核验要点：商标（79–85行）含店名头像；版权（86–91行）含照片文字音乐视频；品牌授权（112–122行）：二级经销商需两封连续LOA。
TTS-S11,TikTok Shop,US,商品合规,Product Recall Policy,https://seller-us.tiktok.com/university/essay?knowledge_id=1439743821383425,seller-us.tiktok.com,2026-05-22,,2026-10-02,P0095;P0096;P0097,本次联网打开官方原始页面并读取正文；页首日期不等同生效日期。；官方页面未明确标注生效日期。；核验要点：召回定义（78–85行）含自愿及政府强制；通知（94–100行）移除商品、取消进行中订单；恢复（103–112行）制造商合规信及平台批准。
TTS-S12,TikTok Shop,US,订单履约,Fulfillment Policy,https://seller-us.tiktok.com/university/essay?knowledge_id=3995852763301633,seller-us.tiktok.com,2026-09-28,,2026-10-02,P0098;P0099;P0100,本次联网打开官方原始页面并读取正文；页首日期不等同生效日期。09/28正文允许合格manifest/应用内扫描事件，08/06 LDR页只写承运商扫描，存在适用边界差异，manifest/应用内扫码认定QA排除待确认。；官方页面未明确标注生效日期。；核验要点：SLA表（90–107行）：常规2/5/6工作日，定制处理H+1/H+4/H+5，预售关闭后2/5/6；合格发货事件（109–110行）可含manifest或应用内扫描；工作日排除周末与联邦假日。
TTS-S13,TikTok Shop,US,申诉;订单履约,Late Dispatch Rate Requirements,https://seller-us.tiktok.com/university/essay?knowledge_id=3668989549299511,seller-us.tiktok.com,2026-08-06,,2026-10-02,P0101;P0102;P0103,本次联网打开官方原始页面并读取正文；页首日期不等同生效日期。正文单独注明常规订单2工作日规则自2026-01-26起，并未明确整篇生效日期；该规则的当前SLA取09/28 Fulfillment Policy。；官方页面未明确标注生效日期。；核验要点：处罚（90–98行）：LDR>10%；例外（85–89行）FBT排除、TikTok Shipping不排除；申诉证据（117–123行）物流商延误确认及对应时段/订单。
TTS-S14,TikTok Shop,US,订单履约,Seller-Fault Cancellation Rate Requirements,https://seller-us.tiktok.com/university/essay?knowledge_id=7953001314830094,seller-us.tiktok.com,2026-08-06,,2026-10-02,P0104;P0105;P0106,本次联网打开官方原始页面并读取正文；页首日期不等同生效日期。；官方页面未明确标注生效日期。；核验要点：硬性要求（76–80行）SFCR≤2.5%；计入原因（83–92行）缺货、价格错误、无有效追踪、召回、欠邮资及假面单，真品证书仅二手奢侈品；例外（93–96行）创作者样品及FBT分子保护。
TTS-S15,TikTok Shop,US,物流,On-Time Delivery (OTDR) Rate Requirements,https://seller-us.tiktok.com/university/essay?knowledge_id=7671875816589099,seller-us.tiktok.com,2026-09-16,,2026-10-02,P0107;P0108;P0109,本次联网打开官方原始页面并读取正文；页首日期不等同生效日期。仅特定物流方式的OTDR规则正文注明2026年6月起，未标整篇统一生效日期。；官方页面未明确标注生效日期。；核验要点：要求（76–82行）OTDR≥80%；升级TikTok Shipping/CBT按及时发货保护，自2026年6月起；例外（91–95行）FBT按时、Express排除、周末联邦假日不计SLA。
TTS-S16,TikTok Shop,US,物流,Valid Tracking Rate Requirements,https://seller-us.tiktok.com/university/essay?knowledge_id=1274968588748558,seller-us.tiktok.com,2026-08-06,,2026-10-02,P0110;P0111;P0112,本次联网打开官方原始页面并读取正文；页首日期不等同生效日期。；官方页面未明确标注生效日期。；核验要点：要求（75–83行）VTR≥95%、影响AHR不影响SPS、有效轨迹至少两次扫描且含末端状态；例外（94–98行）TikTok Shipping/FBT不评估。
TTS-S17,TikTok Shop,US,物流,Customer Order Shipping Requirements,https://seller-us.tiktok.com/university/essay?knowledge_id=6837879804970754,seller-us.tiktok.com,2026-09-16,,2026-10-02,P0113;P0114;P0115,本次联网打开官方原始页面并读取正文；页首日期不等同生效日期。适用美国站实物商品；虚拟商品不适用本物流要求。；官方页面未明确标注生效日期。；核验要点：Seller Shipping信息（109–113行）：追踪ID、物流商、服务，允许一次修正；面单（124–132行）禁站外链接/二维码；欺诈物流（206–219行）禁从其他零售平台购买并直发买家。
TTS-S18,TikTok Shop,US,商品合规,Dangerous Goods Requirements,https://seller-us.tiktok.com/university/essay?knowledge_id=2297870046414638,seller-us.tiktok.com,2026-09-01,,2026-10-02,P0116;P0117;P0118,本次联网打开官方原始页面并读取正文；页首日期不等同生效日期。；官方页面未明确标注生效日期。；核验要点：危险品判定及文件（87–96行）：SDS与具体产品匹配、不得自制/借相似品，锂电池另需UN38.3；在售后才识别危险品有90天交SDS宽限期；所有危险品须合法储存处理标识运输。
TTS-S19,TikTok Shop,US,广告与经营,Review Policy,https://seller-us.tiktok.com/university/essay?knowledge_id=10019322,seller-us.tiktok.com,2026-06-30,,2026-10-02,P0119;P0120;P0121,本次联网打开官方原始页面并读取正文；页首日期不等同生效日期。；官方页面未明确标注生效日期。；核验要点：激励评价（63–70行）禁金钱/赠品/折扣等，官方激励评价功能例外；干预评价（71–77行）禁要求改删或仅邀满意客户；违规评价上报（108–109行）Product Ratings。
TTS-S20,TikTok Shop,US,费用与结算,Dynamic Settlement and Reserve Policy,https://seller-us.tiktok.com/university/essay?course_type=1&from=search&identity=1&knowledge_id=3995852763531009&role=1,seller-us.tiktok.com,2026-07-31,,2026-10-02,P0122;P0123;P0124,本次联网打开官方原始页面并读取正文；页首日期不等同生效日期。结算天数及预留比例显示于图片，已打开图片链接但本次未能读取图片表格，不填具体阶梯数字。；官方页面未明确标注生效日期。；核验要点：评估（66–81行）：每月1日，参考SPS、前15–45天成功送达量及限制；预留（83–90行）：每单签收日起30天；安全审核时当月任意时间可转递延结算。
