一级主题,二级主题,问题,答案,关键行动
Amazon｜美国站,退款退货,Amazon 美国站自配送收到退货后多久应退款？,适用范围：Amazon 美国站；自配送卖家收到退货后须在两天内退款，否则平台可代为自动退款；符合首次扫描退款的订单可在收货前已退款，不能重复退款；官方来源：Amazon 官方《自配送订单的 Amazon 买家退货管理》；官方页面：https://sell.amazon.com/blog/manage-customer-returns；官方页面日期：2025-04-15；官方页面未明确标注生效日期；最后核验：2026-10-02。,在 Manage Returns 核对退款状态，检查收到的商品后及时处理。
Amazon｜美国站,退款退货,Amazon 美国站需要手动审核的退货请求多久要响应？,适用范围：Amazon 美国站；不在退货政策内或豁免类目等需卖家审核的请求，应在24小时内响应；政策外请求可按条件拒绝并解释原因，并非所有退货都需手动授权；官方来源：Amazon 官方《自配送订单的 Amazon 买家退货管理》；官方页面：https://sell.amazon.com/blog/manage-customer-returns；官方页面日期：2025-04-15；官方页面未明确标注生效日期；最后核验：2026-10-02。,查看 Manage Returns 的 Pending Actions，审核并作出对应决定。
Amazon｜美国站,退款退货,Amazon 美国站为什么退货还没收到买家就拿到退款了？,适用范围：Amazon 美国站；符合预付退货标签计划且自动授权的退货，可在指定承运商首次扫描时自动退款；不能套用到任意买家自寄退货；官方来源：Amazon 官方《自配送订单的 Amazon 买家退货管理》；官方页面：https://sell.amazon.com/blog/manage-customer-returns；官方页面日期：2025-04-15；官方页面未明确标注生效日期；最后核验：2026-10-02。,核对标签来源、授权方式和首次扫描记录。
Amazon｜美国站,退款退货,Amazon 美国站自配送退货运费由买家还是卖家承担？,适用范围：Amazon 美国站；公开指南按退货原因区分：误购或改变主意等由买家承担并可从退款扣除，缺陷或发货错误等由卖家承担；实际原因代码及例外按后台对应规则核对；官方来源：Amazon 官方《自配送订单的 Amazon 买家退货管理》；官方页面：https://sell.amazon.com/blog/manage-customer-returns；官方页面日期：2025-04-15；官方页面未明确标注生效日期；最后核验：2026-10-02。,核对退货原因及预付标签费用，不按所有退货统一扣费。
Amazon｜美国站,退款退货,Amazon 美国站收到可能含危险品的退货请求怎么办？,适用范围：Amazon 美国站；大多数危险品退货需手动授权，须确认退货设施可安全接收并协调合规运输和标识；部分符合条件的案件仍可能自动授权，不能将危险品一律要求买家寄回；官方来源：Amazon 官方《自配送订单的 Amazon 买家退货管理》；官方页面：https://sell.amazon.com/blog/manage-customer-returns；官方页面日期：2025-04-15；官方页面未明确标注生效日期；最后核验：2026-10-02。,查看具体案件，确认接收能力和正确运输方式。
Amazon｜美国站,申诉,Amazon 美国站认为A-to-z退款判定不合理，可以提出异议吗？,适用范围：Amazon 美国站；公开自配送退货指南允许对 A-to-z 判定申诉并提交证明索赔无效的证据；本次未读到后台申诉期限细则，不能推定统一截止日或保证赔付；官方来源：Amazon 官方《自配送订单的 Amazon 买家退货管理》；官方页面：https://sell.amazon.com/blog/manage-customer-returns；官方页面日期：2025-04-15；官方页面未明确标注生效日期；最后核验：2026-10-02。,保存相关订单和沟通证据，查看该索赔提供的申诉入口与截止时间。
Amazon｜美国站,费用与结算,Amazon 美国站CSBA客服服务怎样获得免费资格？,适用范围：Amazon 美国站；仅适用于 Customer Service by Amazon 自配送客服服务；首90天免费，之后单位联系率低于3%或每季度少于30单可继续免费；2026-05-22公告取消的95% VTR要求仅指该免费资格；官方来源：Amazon 官方《Customer Service by Amazon 升级帮助卖家节省时间并减少退款》；官方页面：https://sell.amazon.com/blog/announcements/upgrades-to-customer-service-by-amazon；官方页面日期：2026-05-22；官方页面未明确标注生效日期；最后核验：2026-10-02。,检查 CSBA 资格及单位联系率，按当前服务页面核对收费。
Amazon｜美国站,退款退货,Amazon 美国站使用CSBA后哪些配送退款无需再手动提交SAFE-T？,适用范围：Amazon 美国站；仅指 CSBA 公告覆盖的服务内退款；通过 Buy Shipping 或 Veeqo 购买 claims protected 标签的配送问题退款由平台自动承担，平台善意退款也自动赔付；不适用于所有标签或普通退款；官方来源：Amazon 官方《Customer Service by Amazon 升级帮助卖家节省时间并减少退款》；官方页面：https://sell.amazon.com/blog/announcements/upgrades-to-customer-service-by-amazon；官方页面日期：2026-05-22；官方页面未明确标注生效日期；最后核验：2026-10-02。,核对标签是否受保护及退款类型，再查看账户自动赔付。
Amazon｜美国站,商品合规,Amazon 美国站在哪里查看每个ASIN需要提交哪些安全文件？,适用范围：Amazon 美国站；Manage Your Compliance 按商品显示 ASIN、SKU、所需文件及提交审核状态；要求随商品和销售国家而异，不存在本页支持的全类目统一文件清单；官方来源：Amazon 官方《通过 Manage Your Compliance 简化商品安全合规》；官方页面：https://sell.amazon.com/blog/manage-your-compliance；官方页面日期：2022-08-03；官方页面未明确标注生效日期；最后核验：2026-10-02。,登录该合规面板，按具体 ASIN 的请求上传匹配文件。
Amazon｜美国站,商品合规,Amazon 美国站多个商品收到合规文件请求，需要逐个提交吗？,适用范围：Amazon 美国站；合规面板支持单项或批量提交及申诉管理；公开指南说明可下载当前请求表、逐商品填写后上传，不能以批量提交替代各商品的真实证明；官方来源：Amazon 官方《通过 Manage Your Compliance 简化商品安全合规》；官方页面：https://sell.amazon.com/blog/manage-your-compliance；官方页面日期：2022-08-03；官方页面未明确标注生效日期；最后核验：2026-10-02。,从当前面板下载请求表，核对每个商品的文件与状态。
Amazon｜美国站,商品合规,Amazon 美国站食品包装受损但未过期还能销售吗？,适用范围：Amazon 美国站；食品饮料必须为新品且包装无损；已有使用痕迹或包装损坏不符合该指南要求，未过期不等于可售；官方来源：Amazon 官方《如何在 Amazon 商城销售食品杂货》；官方页面：https://sell.amazon.com/blog/how-to-sell-groceries-amazon；官方页面日期：2026-01-08；官方页面未明确标注生效日期；最后核验：2026-10-02。,检查库存包装与商品状态，移除不符合条件的食品。
Amazon｜美国站,商品合规,Amazon 美国站食品使用中文标签就可以上架吗？,适用范围：Amazon 美国站；美国站食品标签须为英文并符合 FDA、USDA 适用要求；包装需包含商品、企业、数量、成分、营养及到期信息；具体适用细则随食品而异；官方来源：Amazon 官方《如何在 Amazon 商城销售食品杂货》；官方页面：https://sell.amazon.com/blog/how-to-sell-groceries-amazon；官方页面日期：2026-01-08；官方页面未明确标注生效日期；最后核验：2026-10-02。,按实际商品核对英文标签内容及对应官方要求。
Amazon｜美国站,订单履约,Amazon 美国站冷藏或冷冻食品能使用FBA配送吗？,适用范围：Amazon 美国站；公开食品指南将冷藏、冷冻食品列为不适用 FBA 的食品；在满足销售及温控要求时可考虑自配送，不能据此认为所有食品都不能用 FBA；官方来源：Amazon 官方《如何在 Amazon 商城销售食品杂货》；官方页面：https://sell.amazon.com/blog/how-to-sell-groceries-amazon；官方页面日期：2026-01-08；官方页面未明确标注生效日期；最后核验：2026-10-02。,先确认商品的温控与准入要求，再选择符合条件的履约方式。
Amazon｜美国站,账号与违规,Amazon 美国站账号健康度AHR是几分制？,适用范围：Amazon 美国站；AHR 为0–1000的颜色分级评分，用于显示违反平台政策导致的停用风险；不能仅凭该分数认定其他绩效要求已满足；官方来源：Amazon 官方《维持业务正常所需了解的 Amazon 卖家政策》；官方页面：https://sell.amazon.com/blog/selling-policies；官方页面日期：2024-10-16；官方页面未明确标注生效日期；最后核验：2026-10-02。,在 Account Health 查看评分和待处理违规。
Amazon｜美国站,账号与违规,Amazon 美国站订单缺陷率ODR一般应保持多少？,适用范围：Amazon 美国站；官方政策概览要求一般将 ODR 保持在1%以下以降低销售权限受限风险；本页不提供计算周期和豁免细则，达标也不保证无其他违规处罚；官方来源：Amazon 官方《维持业务正常所需了解的 Amazon 卖家政策》；官方页面：https://sell.amazon.com/blog/selling-policies；官方页面日期：2024-10-16；官方页面未明确标注生效日期；最后核验：2026-10-02。,核对 Account Health 的 ODR 及相关订单，再查看该指标的当前详细说明。
Amazon｜美国站,账号与违规,Amazon 美国站自配送取消率的官方要求是多少？,适用范围：Amazon 美国站；自配送政策概览要求取消率低于2.5%；具体订单归因、周期和例外需看详细规则，不能把所有买家主动取消都算卖家责任；官方来源：Amazon 官方《维持业务正常所需了解的 Amazon 卖家政策》；官方页面：https://sell.amazon.com/blog/selling-policies；官方页面日期：2024-10-16；官方页面未明确标注生效日期；最后核验：2026-10-02。,核对取消原因和后台指标，处理库存导致的取消。
Amazon｜美国站,账号与违规,Amazon 美国站自配送迟发率LSR应控制在多少？,适用范围：Amazon 美国站；官方概览建议 LSR 低于4%，及时确认发货并提供准确追踪以降低自配送报价停用风险；该页没有完整计算及例外规则；官方来源：Amazon 官方《维持业务正常所需了解的 Amazon 卖家政策》；官方页面：https://sell.amazon.com/blog/selling-policies；官方页面日期：2024-10-16；官方页面未明确标注生效日期；最后核验：2026-10-02。,在后台查看迟发订单，按实际发货状态及时确认并核对详细指标要求。
Amazon｜美国站,订单履约,Amazon 美国站订单一直显示Pending能先发货吗？,适用范围：Amazon 美国站；Pending 表示买家付款尚未完成或验证，不能发货或联系买家；等待状态变为 Unshipped 后再履约；官方来源：Amazon 官方《如何管理 Amazon 自配送订单》；官方页面：https://sell.amazon.com/blog/amazon-order-management；官方页面日期：2025-01-31；官方页面未明确标注生效日期；最后核验：2026-10-02。,通过 Manage Orders 监控状态，付款确认前保留货物。
Amazon｜美国站,订单履约,Amazon 美国站按买家取消请求取消未发货订单会影响取消率吗？,适用范围：Amazon 美国站；公开自配送指南说明，存在买家取消请求的订单按该请求取消不影响取消率；不适用于卖家因缺货自行取消的情况；官方来源：Amazon 官方《如何管理 Amazon 自配送订单》；官方页面：https://sell.amazon.com/blog/amazon-order-management；官方页面日期：2025-01-31；官方页面未明确标注生效日期；最后核验：2026-10-02。,在 Manage Orders 核对真实买家取消请求，再及时取消未发货订单。
Amazon｜美国站,订单履约,Amazon 美国站买家下单后让我改收货地址，能直接改吗？,适用范围：Amazon 美国站；卖家不能在订单下单后修改配送地址；指南要求买家取消订单，再用正确地址重新购买；官方来源：Amazon 官方《如何管理 Amazon 自配送订单》；官方页面：https://sell.amazon.com/blog/amazon-order-management；官方页面日期：2025-01-31；官方页面未明确标注生效日期；最后核验：2026-10-02。,向买家说明取消并重新下单的流程，核对原订单状态。
Amazon｜美国站,物流,Amazon 美国站购买Buy Shipping标签就一定有A-to-z索赔保护吗？,适用范围：Amazon 美国站；A-to-z 保护要求通过 Buy Shipping 购买标签、按时交承运商完成首次扫描，并在48小时内回复 Buyer-Seller Messaging 中的客户询问；仅购买标签不等于满足全部条件；官方来源：Amazon 官方《Amazon Buy Shipping：通过可信承运商便捷购买运单》；官方页面：https://sell.amazon.com/tools/buy-shipping；官方页面未明确标注日期；官方页面未明确标注生效日期；最后核验：2026-10-02。,核对标签、首次扫描时间及客户消息响应记录。
Amazon｜美国站,物流,Amazon 美国站Buy Shipping的SAFE-T赔付资格看什么发货时间？,适用范围：Amazon 美国站；公开产品页脚注要求通过 Buy Shipping 买标签并按时发货，按时以承运商首次扫描认定；此项资格不代表所有 SAFE-T 案件都保证获赔；官方来源：Amazon 官方《Amazon Buy Shipping：通过可信承运商便捷购买运单》；官方页面：https://sell.amazon.com/tools/buy-shipping；官方页面未明确标注日期；官方页面未明确标注生效日期；最后核验：2026-10-02。,保存购买标签与首次扫描记录，再核对具体索赔条件。
Amazon｜美国站,商品合规,Amazon 美国站健康护理商品可以直接宣传FDA approved吗？,适用范围：Amazon 美国站；官方指南禁止无明确批准却使用 FDA approved 宣称，以及无批准的虚假健康宣称；不能把普通销售准入材料当作该宣称获批证明；官方来源：Amazon 官方《如何在 Amazon 销售健康与个人护理用品》；官方页面：https://sell.amazon.com/blog/how-to-sell-health-personal-care；官方页面日期：2026-04-01；官方页面未明确标注生效日期；最后核验：2026-10-02。,核对真实批准范围，删除无依据的商品和包装宣称。
Amazon｜美国站,商品合规,Amazon 美国站健康护理危险品使用FBA前要做什么审核？,适用范围：Amazon 美国站；被归为危险品的商品需提交 SDS/MSDS 进行危险品审核，经 FBA 销售还需危险品计划资格；不能把所有健康护理产品一律视为危险品；官方来源：Amazon 官方《如何在 Amazon 销售健康与个人护理用品》；官方页面：https://sell.amazon.com/blog/how-to-sell-health-personal-care；官方页面日期：2026-04-01；官方页面未明确标注生效日期；最后核验：2026-10-02。,确认实际危险品分类，按后台请求提交匹配 SDS 并核对计划资格。
Amazon｜美国站,商品发布,Amazon 美国站带小品牌标签的商品能填generic吗？,适用范围：Amazon 美国站；generic 仅用于商品及包装都无可识别品牌的商品；即使只有小品牌标签也应使用相应品牌，不能以 generic 绕过品牌要求；官方来源：Amazon 官方《在 Amazon 商城销售无品牌商品》；官方页面：https://sell.amazon.com/blog/sell-generic-products；官方页面日期：2025-04-23；官方页面未明确标注生效日期；最后核验：2026-10-02。,检查商品和包装标识，填写正确品牌。
Amazon｜美国站,商品发布,Amazon 美国站generic商品后来做了品牌，能改原链接品牌吗？,适用范围：Amazon 美国站；generic 品牌字段设定后不能改成品牌；即使实体商品相同，加品牌后也须新建商品信息；官方来源：Amazon 官方《在 Amazon 商城销售无品牌商品》；官方页面：https://sell.amazon.com/blog/sell-generic-products；官方页面日期：2025-04-23；官方页面未明确标注生效日期；最后核验：2026-10-02。,为品牌商品创建新 listing，不修改原 generic 品牌属性。
Amazon｜美国站,商品发布,Amazon 美国站无品牌商品没有UPC，要怎样申请商品ID豁免？,适用范围：Amazon 美国站；无唯一商品标识时可在创建商品流程选择没有商品 ID，按需要申请 GTIN 豁免并提交无品牌商品各面图片；豁免与类目批准不同，也不保证申请通过；官方来源：Amazon 官方《在 Amazon 商城销售无品牌商品》；官方页面：https://sell.amazon.com/blog/sell-generic-products；官方页面日期：2025-04-23；官方页面未明确标注生效日期；最后核验：2026-10-02。,从 Add Products 的申请入口提交真实图片并等待审核。
Amazon｜美国站,商品发布,Amazon 美国站上架报5461品牌权限错误该检查什么？,适用范围：Amazon 美国站；5461 表示没有为该品牌创建详情页的权限；核对品牌拼写和空格、品牌注册账户与销售账户关联；仍有问题时按错误中的销售申请链接申请权限；官方来源：Amazon 官方《如何修复和避免 Amazon 商品发布错误》；官方页面：https://sell.amazon.com/blog/amazon-listing-errors；官方页面日期：2025-02-19；官方页面未明确标注生效日期；最后核验：2026-10-02。,核对品牌和账户关联，使用该错误提供的申请入口。
Amazon｜美国站,商品发布,Amazon 美国站商品上架报5665该怎么办？,适用范围：Amazon 美国站；5665 可表示品牌名称尚未获平台批准；可注册品牌，或没有待审/有效商标时申请使用未注册品牌；申请通过前不能推定该名称可使用；官方来源：Amazon 官方《如何修复和避免 Amazon 商品发布错误》；官方页面：https://sell.amazon.com/blog/amazon-listing-errors；官方页面日期：2025-02-19；官方页面未明确标注生效日期；最后核验：2026-10-02。,通过5665错误中的申请链接提交品牌名称授权申请。
Amazon｜美国站,商品发布,Amazon 美国站商品必须上传六张图片吗？,适用范围：Amazon 美国站；每个商品至少需一张图片，官方指南建议至少六张；建议数量不等于统一硬性最低数量，类目额外要求需另核对；官方来源：Amazon 官方《2025 年商品摄影的六项建议》；官方页面：https://sell.amazon.com/blog/product-photos；官方页面日期：2024-12-04；官方页面未明确标注生效日期；最后核验：2026-10-02。,先满足最低图片要求，再核对具体类目的图片规范。
Amazon｜美国站,商品发布,Amazon 美国站商品图片尺寸和文件格式有什么要求？,适用范围：Amazon 美国站；该公开图片指南要求最长边500–10000像素，JPEG、TIFF、PNG或非动画 GIF，图片清晰无明显像素或锯齿；本答案不覆盖类目特定主图规则；官方来源：Amazon 官方《2025 年商品摄影的六项建议》；官方页面：https://sell.amazon.com/blog/product-photos；官方页面日期：2024-12-04；官方页面未明确标注生效日期；最后核验：2026-10-02。,检查图片尺寸、格式和清晰度，再核对类目主图要求。
Amazon｜美国站,商品发布,Amazon 美国站已经有相同商品详情页，还要新建链接吗？,适用范围：Amazon 美国站；创建商品指南区分匹配已有商品并添加报价与为未收录商品新建详情页；需先搜索确认实际同款，不能将有差异的商品强行匹配；官方来源：Amazon 官方《如何创建 Amazon 商品信息》；官方页面：https://sell.amazon.com/blog/amazon-product-listings；官方页面日期：2026-04-29；官方页面未明确标注生效日期；最后核验：2026-10-02。,在 Add Products 搜索商品，确认完全匹配后添加报价。
Amazon｜美国站,商品发布,Amazon 美国站注册品牌商品的新详情页需要什么品牌角色？,适用范围：Amazon 美国站；按标准流程为已注册品牌创建新详情页，需品牌授权的 Brand Representative 或 Reseller 角色；部分商品类目还可能另需批准；官方来源：Amazon 官方《如何创建 Amazon 商品信息》；官方页面：https://sell.amazon.com/blog/amazon-product-listings；官方页面日期：2026-04-29；官方页面未明确标注生效日期；最后核验：2026-10-02。,检查品牌销售角色，并处理发布流程显示的类目申请。
Amazon｜美国站,商品发布,Amazon 美国站不同颜色尺寸可以放在同一变体详情页吗？,适用范围：Amazon 美国站；变体用于同一商品的不同版本，如颜色或尺寸；可使用 Variation Wizard；该指南不意味着所有类目都允许同一主题或任意不同商品合并；官方来源：Amazon 官方《如何创建 Amazon 商品信息》；官方页面：https://sell.amazon.com/blog/amazon-product-listings；官方页面日期：2026-04-29；官方页面未明确标注生效日期；最后核验：2026-10-02。,先核对商品是否为同一产品及类目支持主题，再创建变体。
Amazon｜美国站,订单履约,Amazon 美国站找供应商代发，包裹能显示供应商卖家身份吗？,适用范围：Amazon 美国站；代发货需约定你为记录卖家，商品、包装、装箱单和发票不得标识另一第三方卖家；不能让买家误以为从另一个零售商购买；官方来源：Amazon 官方《2025 年如何在 Amazon 开展代发货》；官方页面：https://sell.amazon.com/blog/dropshipping-on-amazon；官方页面日期：2025-08-10；官方页面未明确标注生效日期；最后核验：2026-10-02。,核对代发协议和包裹材料，确保符合记录卖家要求。
Amazon｜美国站,退款退货,Amazon 美国站供应商代发的订单退货能让供应商自行负责吗？,适用范围：Amazon 美国站；平台代发货规则仍要求你负责接收、处理退货和提供达到或超过平台标准的客服；外包发货不转移平台对卖家的责任；官方来源：Amazon 官方《2025 年如何在 Amazon 开展代发货》；官方页面：https://sell.amazon.com/blog/dropshipping-on-amazon；官方页面日期：2025-08-10；官方页面未明确标注生效日期；最后核验：2026-10-02。,在代发流程中安排由你承担责任的客服、退货和退款处理。
Amazon｜美国站,物流,Amazon 美国站FBA贴Amazon条码标签时怎样避免扫错码？,适用范围：Amazon 美国站；使用 Amazon 条码且不需额外包装时，应覆盖原有 UPC/EAN/ISBN；需额外包装时在外侧贴可扫描标签；标签应在平整表面，避开边角曲面；Transparency码另有不互相遮挡要求；官方来源：Amazon 官方《FBA 预处理、包装与贴标入门指南》；官方页面：https://sell.amazon.com/blog/fba-packaging-prep-labeling；官方页面日期：2026-07-07；官方页面未明确标注生效日期；最后核验：2026-10-02。,按实际条码方案检查每件商品的标签位置和可扫描性。
Amazon｜美国站,物流,Amazon 美国站FBA整套出售的商品该怎样包装？,适用范围：Amazon 美国站；作为单件出售的非官方组合须合并包装并在外部清楚标识整套出售、不要拆分；每个销售单位须保持为安全完整的单一包装；官方来源：Amazon 官方《FBA 预处理、包装与贴标入门指南》；官方页面：https://sell.amazon.com/blog/fba-packaging-prep-labeling；官方页面日期：2026-07-07；官方页面未明确标注生效日期；最后核验：2026-10-02。,把整套固定在同一包装内，贴明确的不可拆分标识。
Amazon｜美国站,物流,Amazon 美国站FBA货件显示Receiving就能马上配送吗？,适用范围：Amazon 美国站；Receiving 表示已开始扫描入库；收到的商品可售，但可能先调拨到其他地点，因此不一定立即可发出；官方来源：Amazon 官方《如何追踪 FBA 入库货件》；官方页面：https://sell.amazon.com/blog/fba-shipment-tracking；官方页面日期：2025-01-07；官方页面未明确标注生效日期；最后核验：2026-10-02。,在货件摘要和库存状态查看接收、调拨及可用情况。
Amazon｜美国站,物流,Amazon 美国站FBA入库数量不一致，申请调查要准备哪些证明？,适用范围：Amazon 美国站；货件达到可调查资格后，可在 Contents 请求研究差异并提供库存所有权和送达凭证；本页不支持将所有差异都立即申请赔付；官方来源：Amazon 官方《如何追踪 FBA 入库货件》；官方页面：https://sell.amazon.com/blog/fba-shipment-tracking；官方页面日期：2025-01-07；官方页面未明确标注生效日期；最后核验：2026-10-02。,核对货件调查资格和差异数量，准备所有权及交付证明后提交。
Amazon｜美国站,物流,Amazon 美国站FBA货件对账收到追加资料请求多久要回复？,适用范围：Amazon 美国站；已提交对账请求后须关注案件沟通，相关追加信息应在五个工作日内回复；这不是统一的丢件索赔提交期限；官方来源：Amazon 官方《如何追踪 FBA 入库货件》；官方页面：https://sell.amazon.com/blog/fba-shipment-tracking；官方页面日期：2025-01-07；官方页面未明确标注生效日期；最后核验：2026-10-02。,在 Case submitted 查看沟通并按时补充资料。
Amazon｜美国站,费用与结算,Amazon 美国站哪里分别查看FBA预估费用和已经扣取的费用？,适用范围：Amazon 美国站；FBA Fee preview 报告用于预估；已支付 FBA 成本在 Payments 中查看；预估不能替代最终实际账单；官方来源：Amazon 官方《了解 Amazon FBA 费用的计算方式》；官方页面：https://sell.amazon.com/blog/fba-fees-guide；官方页面日期：2026-07-24；官方页面未明确标注生效日期；最后核验：2026-10-02。,从 Reports > Fulfillment 下载 Fee preview，再核对 Payments 实扣记录。
Amazon｜美国站,费用与结算,Amazon 美国站使用FBA就只有专业账户月租吗？,适用范围：Amazon 美国站；FBA 有配送、仓储等成本，另于销售计划和佣金；不存在覆盖全部 FBA 服务的统一月服务费，具体费率按商品及服务计；官方来源：Amazon 官方《了解 Amazon FBA 费用的计算方式》；官方页面：https://sell.amazon.com/blog/fba-fees-guide；官方页面日期：2026-07-24；官方页面未明确标注生效日期；最后核验：2026-10-02。,根据实际商品与服务核对 FBA 费用构成及当前官方费表。
Amazon｜美国站,费用与结算,Amazon 美国站个人和专业销售计划分别怎样收费？,适用范围：Amazon 美国站；个人计划每售一件0.99美元，专业计划每月39.99美元，均另有销售费用；FBA、广告等可选服务可能另收费；官方来源：Amazon 官方《标准销售费用》；官方页面：https://sell.amazon.com/pricing；官方页面未明确标注日期；官方页面未明确标注生效日期；最后核验：2026-10-02。,按当前计划核对固定费用，并单独计算其他实际费用。
Amazon｜美国站,费用与结算,Amazon 美国站销售佣金的计费基数包括运费吗？,适用范围：Amazon 美国站；佣金按商品总价的类目比例或适用最低佣金取较高者；总价包含商品价、运费和礼品包装费，不能只按裸商品价估算；官方来源：Amazon 官方《标准销售费用》；官方页面：https://sell.amazon.com/pricing；官方页面未明确标注日期；官方页面未明确标注生效日期；最后核验：2026-10-02。,核对收费类目、适用最低佣金和订单总价。
Amazon｜美国站,费用与结算,Amazon 美国站买家看到的商品类目就是佣金收费类目吗？,适用范围：Amazon 美国站；官方费用页明确收费类目可能与买家浏览类目不同；费率须按实际收费类目及其条件核对，不能按前台类目直接套比例；官方来源：Amazon 官方《标准销售费用》；官方页面：https://sell.amazon.com/pricing；官方页面未明确标注日期；官方页面未明确标注生效日期；最后核验：2026-10-02。,核对商品费类及当前费表，必要时查 Fee category guidelines。
Amazon｜美国站,费用与结算,Amazon 美国站通常多久结算，平台付款后多久到银行？,适用范围：Amazon 美国站；一般每两周结算，扣除费用退款并预留部分金额后转款；发起付款后可需最多五个工作日到账；账户问题或余额等可导致延迟，不是固定到账承诺；官方来源：Amazon 官方《Amazon 卖家付款如何运作》；官方页面：https://sell.amazon.com/blog/amazon-seller-payments；官方页面日期：2025-07-30；官方页面未明确标注生效日期；最后核验：2026-10-02。,查看 Payments 的计划转款日、实际付款状态和银行信息。
Amazon｜美国站,费用与结算,Amazon 美国站平台已付款超过五个工作日未到账该查哪里？,适用范围：Amazon 美国站；超过该通常到账期，可在 Payments 的 Disbursements 找付款 trace ID，银行可用它调查；先确认已发起付款，不能将未结算余额当作银行转账丢失；官方来源：Amazon 官方《Amazon 卖家付款如何运作》；官方页面：https://sell.amazon.com/blog/amazon-seller-payments；官方页面日期：2025-07-30；官方页面未明确标注生效日期；最后核验：2026-10-02。,取得实际付款的 trace ID，联系收款银行查询。
Amazon｜美国站,广告与经营,Amazon 美国站品牌或展示广告宣称可以比详情页写得更强吗？,适用范围：Amazon 美国站；该指南覆盖 Sponsored Brands 和展示广告；广告宣称应与详情页一致并有证明，不能添加无依据或误导内容；具体宣称还有专项政策；官方来源：Amazon 官方《Sponsored Brands 与展示广告审核完整指南》；官方页面：https://advertising.amazon.com/library/guides/sponsored-brands-display-ads-moderation；官方页面未明确标注日期；官方页面未明确标注生效日期；最后核验：2026-10-02。,逐项对照详情页及证明，调整广告中的宣称。
Amazon｜美国站,广告与经营,Amazon 美国站品牌或展示广告能直接使用Amazon标识吗？,适用范围：Amazon 美国站；使用 Amazon 品牌元素需事先提交材料审查并获书面批准，还须遵守品牌使用指南；广告不能仿冒平台官方内容；官方来源：Amazon 官方《Sponsored Brands 与展示广告审核完整指南》；官方页面：https://advertising.amazon.com/library/guides/sponsored-brands-display-ads-moderation；官方页面未明确标注日期；官方页面未明确标注生效日期；最后核验：2026-10-02。,使用前确认书面批准和相应品牌规则。
Amazon｜美国站,广告与经营,Amazon 美国站品牌或展示广告审核被拒后应该怎样处理？,适用范围：Amazon 美国站；拒审会通过邮件说明原因；应核对该原因及对应政策，修改后重新提交；严重或重复违规可导致广告账号受限，重新提交不保证通过；官方来源：Amazon 官方《Sponsored Brands 与展示广告审核完整指南》；官方页面：https://advertising.amazon.com/library/guides/sponsored-brands-display-ads-moderation；官方页面未明确标注日期；官方页面未明确标注生效日期；最后核验：2026-10-02。,读取拒审邮件，按对应条款修改创意并重新送审。
Amazon｜美国站,广告与经营,Amazon 美国站二手或翻新商品能投Sponsored Products吗？,适用范围：Amazon 美国站；商品推广仅面向合格商品和广告主；商品须符合类目并有 Featured Offer 资格；当前页排除成人、二手、翻新及封闭类目商品；官方来源：Amazon 官方《Sponsored Products 商品推广》；官方页面：https://advertising.amazon.com/solutions/products/sponsored-products；官方页面未明确标注日期；官方页面未明确标注生效日期；最后核验：2026-10-02。,先核对商品状态、类目和 Featured Offer 资格。
Amazon｜美国站,广告与经营,Amazon 美国站Sponsored Products是按展示还是点击收费？,适用范围：Amazon 美国站；商品推广按点击收费，广告活动没有月费或预付活动费；出价表示愿付的点击金额上限，实际消耗不能据此当作固定利润承诺；官方来源：Amazon 官方《Sponsored Products 商品推广》；官方页面：https://advertising.amazon.com/solutions/products/sponsored-products；官方页面未明确标注日期；官方页面未明确标注生效日期；最后核验：2026-10-02。,在广告控制台设置出价与预算并查看实际点击费用。
Amazon｜美国站,广告与经营,Amazon 美国站差评买家能通过Customer Reviews工具联系吗？,适用范围：Amazon 美国站；工具需专业账户及注册品牌 Brand Representative 角色；低于三星的评价可通过工具提供退款或支持，但不能要求删差评或发布好评作为条件；官方来源：Amazon 官方《Customer Reviews 工具：追踪并回应买家评论》；官方页面：https://sell.amazon.com/tools/customer-reviews；官方页面未明确标注日期；官方页面未明确标注生效日期；最后核验：2026-10-02。,核对工具资格，通过官方入口解决商品问题，不附加改评要求。
Amazon｜美国站,广告与经营,Amazon 美国站负面商品评论能自己删除吗？,适用范围：Amazon 美国站；卖家不能改写商品评论；认为评论违反社区规则时可在商品详情页举报，由平台判断；仅负面不等于违反规则，此流程与卖家反馈不同；官方来源：Amazon 官方《Customer Reviews 工具：追踪并回应买家评论》；官方页面：https://sell.amazon.com/tools/customer-reviews；官方页面未明确标注日期；官方页面未明确标注生效日期；最后核验：2026-10-02。,核对具体违规内容，使用详情页的举报入口。
Amazon｜美国站,广告与经营,Amazon 美国站产品参加Vine需要满足哪些条件？,适用范围：Amazon 美国站；需专业销售计划、合格 FBA 商品、图片描述且少于30条评论；品牌商品需品牌注册及相应销售角色；成人、数字和捆绑产品不合格，无品牌商品按可用资格核对；官方来源：Amazon 官方《Amazon Vine：通过真实评论促进业务增长》；官方页面：https://sell.amazon.com/programs/vine；官方页面未明确标注日期；官方页面未明确标注生效日期；最后核验：2026-10-02。,在 Vine 面板核对 ASIN 资格和 FBA 库存。
Amazon｜美国站,费用与结算,Amazon 美国站Vine报名费按父商品怎样收费？,适用范围：Amazon 美国站；美国站每父商品提供≤2件为0美元、3–10件75美元、11–30件200美元；满报名30天且首评已发布才收费，90天无评价不收报名费；免费样品及履约成本另计；官方来源：Amazon 官方《Amazon Vine：通过真实评论促进业务增长》；官方页面：https://sell.amazon.com/programs/vine；官方页面未明确标注日期；官方页面未明确标注生效日期；最后核验：2026-10-02。,核对父商品件数及收费条件，查看 Vine 实际账单。
Amazon｜美国站,广告与经营,Amazon 美国站Vine有人领取商品后还能取消报名再报吗？,适用范围：Amazon 美国站；无人领取可取消且之后可重报；有人领取只能停止后续领取，不能保证已领取者不发布评论，停止后不能重新报名；官方来源：Amazon 官方《Amazon Vine：通过真实评论促进业务增长》；官方页面：https://sell.amazon.com/programs/vine；官方页面未明确标注日期；官方页面未明确标注生效日期；最后核验：2026-10-02。,在 Vine 查看领取状态，再选择允许的取消或停止操作。
Amazon｜美国站,退款退货,Amazon 美国站自配送店铺能制定比Amazon标准更严格的退货政策吗？,适用范围：Amazon 美国站；FBM 官方指南要求自行制定的退货政策达到或超过 Amazon 标准；不能通过自设店铺政策缩减平台要求的买家权益；官方来源：Amazon 官方《Fulfilled by Merchant：优化客户订单履约》；官方页面：https://sell.amazon.com/programs/fulfilled-by-merchant；官方页面未明确标注日期；官方页面未明确标注生效日期；最后核验：2026-10-02。,核对店铺退货设置是否符合平台最低标准。
TikTok Shop｜美国站,退款退货,TikTok Shop 美国站自动部分退款规则适用于哪些商品和金额？,适用范围：TikTok Shop 美国站卖家自设自动部分退款；仅可退类目、价格10–100美元，适用错货、损坏/缺陷、缺件或货不对板；下限为10%或5美元取高，上限为50%或50美元取低；免退退款优先，自设规则导致的退款不可申诉；官方来源：TikTok Shop Seller University《退货、退款及替换商品管理要求》；官方页面：https://seller-us.tiktok.com/university/essay?knowledge_id=984433248438058；官方页面日期：2026-08-20；官方页面未明确标注生效日期；最后核验：2026-10-02。,在Preference设置符合范围的规则，并核对免退退款的优先级。
TikTok Shop｜美国站,订单履约,TikTok Shop 美国站缺货时可以要求买家自己取消订单吗？,适用范围：TikTok Shop 美国站卖家无法履约的已付款订单；不得因自己的库存问题要求买家取消；卖家可通知并取消，但可能计入SFCR；取消通知须及时以英文说明理由，并全额及时退款；官方来源：TikTok Shop Seller University《客户订单取消、退货及退款政策》；官方页面：https://seller-us.tiktok.com/university/essay?knowledge_id=3253210454181634；官方页面日期：2026-09-28；官方页面未明确标注生效日期；最后核验：2026-10-02。,核实库存后从订单处理取消，并发送英文原因通知。
TikTok Shop｜美国站,退款退货,TikTok Shop 美国站买家通常能在签收后多久申请退货？,适用范围：TikTok Shop 美国站符合退货条件的订单；按结账时显示窗口，默认从Delivered起30个自然日；部分合格卖家可设14/30/45/90天，指定节日或促销可临时覆盖设置；官方来源：TikTok Shop Seller University《客户订单取消、退货及退款政策》；官方页面：https://seller-us.tiktok.com/university/essay?knowledge_id=3253210454181634；官方页面日期：2026-09-28；官方页面未明确标注生效日期；最后核验：2026-10-02。,核对该订单结账窗口和Seller Center节日通知。
TikTok Shop｜美国站,退款退货,TikTok Shop 美国站退货物流十多天不更新，平台会先退款吗？,适用范围：TikTok Shop 美国站已进入逆向物流的退货包裹；连续10天或以上无物流更新时，买家可联系平台要求加速退款；平台可在退货送达卖家前退款，并非所有停滞包裹必然自动退款；官方来源：TikTok Shop Seller University《客户订单取消、退货及退款政策》；官方页面：https://seller-us.tiktok.com/university/essay?knowledge_id=3253210454181634；官方页面日期：2026-09-28；官方页面未明确标注生效日期；最后核验：2026-10-02。,跟踪退货物流并处理平台发来的售后通知。
TikTok Shop｜美国站,退款退货,TikTok Shop 美国站退货地址填错导致包裹退回买家，费用由谁承担？,适用范围：TikTok Shop 美国站假、错误或不可投递的卖家退货地址；平台可酌情加速给买家退款；卖家承担退款及相关费用，可在允许时申诉；搬迁时须及时更新退货仓地址；官方来源：TikTok Shop Seller University《客户订单取消、退货及退款政策》；官方页面：https://seller-us.tiktok.com/university/essay?knowledge_id=3253210454181634；官方页面日期：2026-09-28；官方页面未明确标注生效日期；最后核验：2026-10-02。,更新Return Warehouse地址，并在可申诉案件中提交事实证据。
TikTok Shop｜美国站,退款退货,TikTok Shop 美国站使用4PL物流的已送达未收到仅退款，需要卖家审批吗？,适用范围：TikTok Shop 美国站符合条件的4PL订单，买家选择Package was not received并申请仅退款；由平台审核，卖家无需批准或拒绝；不符合该4PL范围或平台要求补充资料时除外；官方来源：TikTok Shop Seller University《客户订单取消、退货及退款政策》；官方页面：https://seller-us.tiktok.com/university/essay?knowledge_id=3253210454181634；官方页面日期：2026-09-28；官方页面未明确标注生效日期；最后核验：2026-10-02。,关注案件状态，并按平台要求补充资料。
TikTok Shop｜美国站,申诉,TikTok Shop 美国站收到售后纠纷通知后多久要交证据？,适用范围：TikTok Shop 美国站平台有效订单的售后纠纷；须在纠纷通知后48小时内交真实、相关、完整证据；错过期限可导致卖家承担自动退款；官方来源：TikTok Shop Seller University《售后纠纷升级处理要求》；官方页面：https://seller-us.tiktok.com/university/essay?course_type=1&from=search&identity=1&knowledge_id=3985068541478658&role=1；官方页面日期：2026-09-02；官方页面未明确标注生效日期；最后核验：2026-10-02。,进入Orders > Manage Returns > Appealed/Disputed按时提交。
TikTok Shop｜美国站,申诉,TikTok Shop 美国站不服售后纠纷裁定，申诉期限是多少？,适用范围：TikTok Shop 美国站可申诉的售后纠纷裁定；收到裁定后30个自然日内在Help Center提交工单；正在进行的纠纷仍须遵守48小时交证据期限；官方来源：TikTok Shop Seller University《售后纠纷升级处理要求》；官方页面：https://seller-us.tiktok.com/university/essay?course_type=1&from=search&identity=1&knowledge_id=3985068541478658&role=1；官方页面日期：2026-09-02；官方页面未明确标注生效日期；最后核验：2026-10-02。,记下裁定接收日期，提交工单及相关证据。
TikTok Shop｜美国站,申诉,TikTok Shop 美国站买家称少件或收到空包，售后纠纷怎样举证？,适用范围：TikTok Shop 美国站缺件或空包纠纷；提供能关联订单/包裹的运单、面单或轨迹，并按情形附装箱记录、SKU和数量及清晰照片/视频；不足以证明所有物品已装包可支持买家退款；官方来源：TikTok Shop Seller University《售后纠纷升级处理要求》；官方页面：https://seller-us.tiktok.com/university/essay?course_type=1&from=search&identity=1&knowledge_id=3985068541478658&role=1；官方页面日期：2026-09-02；官方页面未明确标注生效日期；最后核验：2026-10-02。,整理与该订单面单关联的完整装箱证据。
TikTok Shop｜美国站,退款退货,TikTok Shop 美国站NBFR按什么订单和周期计算？,适用范围：TikTok Shop 美国站非买家责任退货退款率；取过去60天因卖家或物流责任产生退货退款的已送达订单数÷已送达且未取消订单数×100%；送达前取消订单不计入；官方来源：TikTok Shop Seller University《非买家责任退货退款率要求》；官方页面：https://seller-us.tiktok.com/university/essay?knowledge_id=5914428974778167；官方页面日期：2026-07-01；官方页面未明确标注生效日期；最后核验：2026-10-02。,在SPS页面核对NBFR及对应订单原因。
TikTok Shop｜美国站,退款退货,TikTok Shop 美国站FBT和TikTok Shipping的物流问题都计入NBFR吗？,适用范围：TikTok Shop 美国站NBFR物流责任例外；FBT订单物流问题排除；TikTok Shipping仅包裹未收到的物流问题排除；其他问题不能据此一概豁免；官方来源：TikTok Shop Seller University《非买家责任退货退款率要求》；官方页面：https://seller-us.tiktok.com/university/essay?knowledge_id=5914428974778167；官方页面日期：2026-07-01；官方页面未明确标注生效日期；最后核验：2026-10-02。,按物流方式和具体售后原因核对排除范围。
TikTok Shop｜美国站,退款退货,TikTok Shop 美国站NBFR升高会影响哪些店铺权益？,适用范围：TikTok Shop 美国站店铺SPS表现；NBFR是SPS组成指标；高NBFR可降低SPS、商品可见度及福利资格，低NBFR可改善表现；该页未给统一处罚阈值；官方来源：TikTok Shop Seller University《非买家责任退货退款率要求》；官方页面：https://seller-us.tiktok.com/university/essay?knowledge_id=5914428974778167；官方页面日期：2026-07-01；官方页面未明确标注生效日期；最后核验：2026-10-02。,查看SPS表现及非买家责任售后明细。
TikTok Shop｜美国站,申诉,TikTok Shop 美国站违规处罚申诉能提几次，截止时间是什么？,适用范围：TikTok Shop 美国站可申诉的卖家违规处罚；每项限2次，首次须在违规通知后30天内，二次须在首次拒绝后15天内；部分即时执法事项为12–72小时，以违规通知为准，申诉不保证通过；官方来源：TikTok Shop Seller University《卖家处罚政策》；官方页面：https://seller-us.tiktok.com/university/essay?course_type=1&from=search&identity=1&knowledge_id=2380042836166443&role=1；官方页面日期：2026-07-31；官方页面未明确标注生效日期；最后核验：2026-10-02。,查看违规通知，在Seller Center提交证据并遵守该事项时限。
TikTok Shop｜美国站,申诉,TikTok Shop 美国站收到违规通知后可以直接纠正而不申诉吗？,适用范围：TikTok Shop 美国站提供纠正入口且非即时执法的部分违规；可在Seller Center纠正，限通知后12–72小时，具体时间取决于违规；平台认可纠正充分时可不执行对应处罚；官方来源：TikTok Shop Seller University《卖家处罚政策》；官方页面：https://seller-us.tiktok.com/university/essay?course_type=1&from=search&identity=1&knowledge_id=2380042836166443&role=1；官方页面日期：2026-07-31；官方页面未明确标注生效日期；最后核验：2026-10-02。,查看该违规的纠正入口和截止时间，完成所要求的纠正。
TikTok Shop｜美国站,账号与违规,TikTok Shop 美国站换一个公司或个人注册新店，能避免关联账号处罚吗？,适用范围：TikTok Shop 美国站相关使用、管理或经营的卖家账号；不同主体仍可被认定关联；平台综合联系方式、支付、人员、设备及商业资源判断；受罚账号继续相同业务可使关联店受对应处罚；官方来源：TikTok Shop Seller University《卖家处罚政策》；官方页面：https://seller-us.tiktok.com/university/essay?course_type=1&from=search&identity=1&knowledge_id=2380042836166443&role=1；官方页面日期：2026-07-31；官方页面未明确标注生效日期；最后核验：2026-10-02。,核对账号关联事实，按违规通知的可用申诉流程提交材料。
TikTok Shop｜美国站,账号与违规,TikTok Shop 美国站订单完成后可以保留买家地址用于营销吗？,适用范围：TikTok Shop 美国站交易提供的买家个人信息；只能用于履行该特定交易，不得跨交易复用、站外联系或营销；交易及适用退货/争议窗口关闭后须无不当延迟地删除或匿名化；官方来源：TikTok Shop Seller University《卖家处罚政策》；官方页面：https://seller-us.tiktok.com/university/essay?course_type=1&from=search&identity=1&knowledge_id=2380042836166443&role=1；官方页面日期：2026-07-31；官方页面未明确标注生效日期；最后核验：2026-10-02。,限制信息用途，并在窗口关闭后删除或匿名化。
TikTok Shop｜美国站,费用与结算,TikTok Shop 美国站违规后冻结资金一定到期全额返还吗？,适用范围：TikTok Shop 美国站因违规或未履行财务义务被暂扣的资金；可按性质严重性暂扣45、90或365天，期满先抵扣未结损失再付余额；欺骗、滥用、欺诈或违法行为可导致部分或全部永久扣留；官方来源：TikTok Shop Seller University《卖家处罚政策》；官方页面：https://seller-us.tiktok.com/university/essay?course_type=1&from=search&identity=1&knowledge_id=2380042836166443&role=1；官方页面日期：2026-07-31；官方页面未明确标注生效日期；最后核验：2026-10-02。,查看资金扣留通知、未结费用及可用申诉入口。
TikTok Shop｜美国站,账号与违规,TikTok Shop 美国站新店AHR多少分，反映多长时间的行为？,适用范围：TikTok Shop 美国站卖家账号健康度；新卖家从200分起，评分范围0–1000，反映过去180天行为；≥200为绿色，51–199橙色，≤50红色；官方来源：TikTok Shop Seller University《账号健康度评分要求》；官方页面：https://seller-us.tiktok.com/university/essay?knowledge_id=6750828276418350；官方页面日期：2026-06-29；官方页面未明确标注生效日期；最后核验：2026-10-02。,在Account Health页面查看分数及违规明细。
TikTok Shop｜美国站,账号与违规,TikTok Shop 美国站正常完成订单能给AHR加多少分？,适用范围：TikTok Shop 美国站过去180天符合条件的完成订单；每200单加4分，每周最多20分；样品、退货、退款、取消或任何缺陷订单不计；违规关联政策测验另按测验加分；官方来源：TikTok Shop Seller University《账号健康度评分要求》；官方页面：https://seller-us.tiktok.com/university/essay?knowledge_id=6750828276418350；官方页面日期：2026-06-29；官方页面未明确标注生效日期；最后核验：2026-10-02。,核对符合条件的完成订单和可用政策测验。
TikTok Shop｜美国站,账号与违规,TikTok Shop 美国站AHR降到150、100、50或0分会怎样？,适用范围：TikTok Shop 美国站AHR里程碑执法；150/100/50分可分别限制新增listing和大型活动报名7/14/28天，0分可永久停用；可用里程碑测验可缩短部分处罚；官方来源：TikTok Shop Seller University《账号健康度评分要求》；官方页面：https://seller-us.tiktok.com/university/essay?knowledge_id=6750828276418350；官方页面日期：2026-06-29；官方页面未明确标注生效日期；最后核验：2026-10-02。,查看对应里程碑通知和可用测验。
TikTok Shop｜美国站,账号与违规,TikTok Shop 美国站AHR加分扣分会永久保留吗？,适用范围：TikTok Shop 美国站AHR积分重置；每笔获得或扣除的积分在180天后重置；成功申诉或纠正后返还的积分不适用该重置规则；官方来源：TikTok Shop Seller University《账号健康度评分要求》；官方页面：https://seller-us.tiktok.com/university/essay?knowledge_id=6750828276418350；官方页面日期：2026-06-29；官方页面未明确标注生效日期；最后核验：2026-10-02。,按积分事件日期核对，误罚使用可用申诉或纠正流程。
TikTok Shop｜美国站,商品合规,TikTok Shop 美国站含酒精巧克力或酱料可以上架吗？,适用范围：TikTok Shop 美国站含酒精可食用食品；酒精体积分数≥0.5%禁售，即使宣称煮掉或减少酒精；该节不覆盖酒主题周边、无酒精mocktail和非食用酒精产品；官方来源：TikTok Shop Seller University《禁售商品政策》；官方页面：https://seller-us.tiktok.com/university/essay?knowledge_id=1399532709988097；官方页面日期：2026-09-29；官方页面未明确标注生效日期；最后核验：2026-10-02。,核实配方及酒精含量，禁售食品勿上架。
TikTok Shop｜美国站,商品合规,TikTok Shop 美国站无尼古丁电子烟或维生素雾化棒能卖吗？,适用范围：TikTok Shop 美国站模拟吸烟或直接吸入物质的产品；不论是否含烟草或尼古丁均禁售，包括无尼古丁、维生素和健康雾化产品及功能配件；纯装饰配件不在该节范围；官方来源：TikTok Shop Seller University《禁售商品政策》；官方页面：https://seller-us.tiktok.com/university/essay?knowledge_id=1399532709988097；官方页面日期：2026-09-29；官方页面未明确标注生效日期；最后核验：2026-10-02。,核对预期用途，移除禁售吸入产品。
TikTok Shop｜美国站,商品合规,TikTok Shop 美国站正品但来自非授权渠道的灰色市场商品可以卖吗？,适用范围：TikTok Shop 美国站未经授权分销渠道的灰色市场商品；该政策将灰色市场商品列为禁售，正品身份本身不能绕过该限制；官方来源：TikTok Shop Seller University《禁售商品政策》；官方页面：https://seller-us.tiktok.com/university/essay?knowledge_id=1399532709988097；官方页面日期：2026-09-29；官方页面未明确标注生效日期；最后核验：2026-10-02。,核对供应及授权渠道，禁止的灰色市场商品勿发布。
TikTok Shop｜美国站,商品合规,TikTok Shop 美国站产地受经济或贸易制裁的商品能上架美国站吗？,适用范围：TikTok Shop 美国站不能合法进口到买家所在国的商品；包括来源或制造于受经济/贸易制裁地区的商品，列为禁售；不能仅凭当地可售认定平台可售；官方来源：TikTok Shop Seller University《禁售商品政策》；官方页面：https://seller-us.tiktok.com/university/essay?knowledge_id=1399532709988097；官方页面日期：2026-09-29；官方页面未明确标注生效日期；最后核验：2026-10-02。,核对商品来源、制造地及进口可行性后再发布。
TikTok Shop｜美国站,商品合规,TikTok Shop 美国站类目批准和逐商品批准有什么区别？,适用范围：TikTok Shop 美国站受限商品资格审核；类目级资格通过后可发布该类商品；商品级资格须为每个商品提供材料；指定婴童/医疗等商品可能仍需逐商品审核；官方来源：TikTok Shop Seller University《受限商品政策》；官方页面：https://seller-us.tiktok.com/university/essay?knowledge_id=3238037484275457&lang=en；官方页面日期：2026-09-01；官方页面未明确标注生效日期；最后核验：2026-10-02。,在Qualification Center核对商品对应的资格层级。
TikTok Shop｜美国站,商品合规,TikTok Shop 美国站膳食补充剂卖家只提交材料就能获得类目权限吗？,适用范围：TikTok Shop 美国站膳食补充剂等邀请制类目；仅选定合格卖家获邀后可申请，普通材料提交不等于获得邀请或批准；官方来源：TikTok Shop Seller University《受限商品政策》；官方页面：https://seller-us.tiktok.com/university/essay?knowledge_id=3238037484275457&lang=en；官方页面日期：2026-09-01；官方页面未明确标注生效日期；最后核验：2026-10-02。,先核对邀请资格，再通过Qualification Center申请。
TikTok Shop｜美国站,商品合规,TikTok Shop 美国站受限商品已经获批上线，还会被要求补资料吗？,适用范围：TikTok Shop 美国站受限商品审核及在售期间；批准不保证，平台可在审批或商品上线后要求额外文件；不符合资格的受限商品不得发布；官方来源：TikTok Shop Seller University《受限商品政策》；官方页面：https://seller-us.tiktok.com/university/essay?knowledge_id=3238037484275457&lang=en；官方页面日期：2026-09-01；官方页面未明确标注生效日期；最后核验：2026-10-02。,保持材料准确，并响应平台补充资料要求。
TikTok Shop｜美国站,商品发布,TikTok Shop 美国站同款不同颜色尺寸能建多个商品链接吗？,适用范围：TikTok Shop 美国站同一商品的有效颜色、尺码或款式变体；须归到同一商品页，不得为同一商品创建重复listing；重复或误导listing可被移除并处罚；官方来源：TikTok Shop Seller University《商品发布政策》；官方页面：https://seller-us.tiktok.com/university/essay?knowledge_id=3196690250417921；官方页面日期：2026-09-01；官方页面未明确标注生效日期；最后核验：2026-10-02。,将有效变体归并到同一产品页。
TikTok Shop｜美国站,商品发布,TikTok Shop 美国站可以把有好评的旧listing改成另一款商品吗？,适用范围：TikTok Shop 美国站既有商品listing；禁止改标题、图片、品牌或价格等关键内容以换成另一产品，误导客户并使旧评价/履约数据失效；购买时详情须被履行；官方来源：TikTok Shop Seller University《商品发布政策》；官方页面：https://seller-us.tiktok.com/university/essay?knowledge_id=3196690250417921；官方页面日期：2026-09-01；官方页面未明确标注生效日期；最后核验：2026-10-02。,为不同产品建立对应listing，并核对已成交订单详情。
TikTok Shop｜美国站,商品发布,TikTok Shop 美国站商品主图和其他图片有怎样的要求？,适用范围：TikTok Shop 美国站listing商品图片；最多9张方图且选1张主图；主图为产品正面、纯白背景，所有图至少600×600，不得加logo、文字、边框、水印或覆盖图案，勿重复同角度；官方来源：TikTok Shop Seller University《商品发布政策》；官方页面：https://seller-us.tiktok.com/university/essay?knowledge_id=3196690250417921；官方页面日期：2026-09-01；官方页面未明确标注生效日期；最后核验：2026-10-02。,上传符合要求的真实产品图片并选定主图。
TikTok Shop｜美国站,商品发布,TikTok Shop 美国站系统推荐的商品类目可以直接信任吗？,适用范围：TikTok Shop 美国站创建商品listing；卖家须复核并纠正自动建议，选最准确类目；错误类目可受罚，需要批准的类目须先获批；官方来源：TikTok Shop Seller University《商品发布政策》；官方页面：https://seller-us.tiktok.com/university/essay?knowledge_id=3196690250417921；官方页面日期：2026-09-01；官方页面未明确标注生效日期；最后核验：2026-10-02。,发布前复核功能与类目，并完成所需资格审批。
TikTok Shop｜美国站,商品合规,TikTok Shop 美国站没获授权能把第三方品牌放在店名或头像吗？,适用范围：TikTok Shop 美国站第三方商标的店名或头像使用；政策明确禁止未经授权使用第三方商标，包括店名及用户头像；官方来源：TikTok Shop Seller University《知识产权政策》；官方页面：https://seller-us.tiktok.com/university/essay?default_language=en&knowledge_id=6837901778306818；官方页面日期：2026-07-16；官方页面未明确标注生效日期；最后核验：2026-10-02。,核对授权并移除未经授权的品牌标识。
TikTok Shop｜美国站,商品合规,TikTok Shop 美国站商品图、音乐或视频能直接复制别人的素材吗？,适用范围：TikTok Shop 美国站listing和推广内容中的版权素材；不得未经许可使用有版权的照片、文字、音乐或视频，也不得擅自复制、传播或表演版权作品；官方来源：TikTok Shop Seller University《知识产权政策》；官方页面：https://seller-us.tiktok.com/university/essay?default_language=en&knowledge_id=6837901778306818；官方页面日期：2026-07-16；官方页面未明确标注生效日期；最后核验：2026-10-02。,核对素材许可，使用有权使用的素材。
TikTok Shop｜美国站,商品合规,TikTok Shop 美国站二级授权经销商申请品牌授权要提交几封LOA？,适用范围：TikTok Shop 美国站适用品牌授权要求的二级经销商；须提交两封：商标权利人授权一级经销商、一级经销商再授权申请人；材料须准确完整并保持更新；官方来源：TikTok Shop Seller University《知识产权政策》；官方页面：https://seller-us.tiktok.com/university/essay?default_language=en&knowledge_id=6837901778306818；官方页面日期：2026-07-16；官方页面未明确标注生效日期；最后核验：2026-10-02。,在Seller Center提交完整连续的两级授权文件。
TikTok Shop｜美国站,商品合规,TikTok Shop 美国站制造商自愿召回的商品还能继续卖吗？,适用范围：TikTok Shop 美国站被制造商或政府召回的商品；自愿召回与政府强制召回都属于召回，卖家不得发布或销售；须解决召回并获批恢复后才可重新上架；官方来源：TikTok Shop Seller University《商品召回政策》；官方页面：https://seller-us.tiktok.com/university/essay?knowledge_id=1439743821383425；官方页面日期：2026-05-22；官方页面未明确标注生效日期；最后核验：2026-10-02。,停止销售被召回商品并核对受影响批次。
TikTok Shop｜美国站,商品合规,TikTok Shop 美国站平台获悉召回后，进行中的订单会怎样？,适用范围：TikTok Shop 美国站受召回影响的商品和订单；平台会移除受影响商品、通知相关卖家，并取消进行中订单和通知买家；平台通知不能替代卖家/制造商召回义务；官方来源：TikTok Shop Seller University《商品召回政策》；官方页面：https://seller-us.tiktok.com/university/essay?knowledge_id=1439743821383425；官方页面日期：2026-05-22；官方页面未明确标注生效日期；最后核验：2026-10-02。,核对受影响商品与订单并履行召回责任。
TikTok Shop｜美国站,商品合规,TikTok Shop 美国站召回解决后怎样申请重新上架？,适用范围：TikTok Shop 美国站召回商品恢复；向AM或申诉流程提交相关制造商合规信：PDF/Word、正式抬头和签字、召回原因、安全新库存说明及产品信息；审核批准后才可重上；官方来源：TikTok Shop Seller University《商品召回政策》；官方页面：https://seller-us.tiktok.com/university/essay?knowledge_id=1439743821383425；官方页面日期：2026-05-22；官方页面未明确标注生效日期；最后核验：2026-10-02。,取得符合要求的合规信并提交恢复申请。
TikTok Shop｜美国站,订单履约,TikTok Shop 美国站普通订单的发货、自动取消和送达期限分别是什么？,适用范围：TikTok Shop 美国站常规订单，自Awaiting Shipment起；2个工作日内In Transit；5个工作日仍未Awaiting Collection会自动取消；6个工作日内Delivered；周末和美国联邦假日不计，特殊假日可延长；官方来源：TikTok Shop Seller University《订单履约政策》；官方页面：https://seller-us.tiktok.com/university/essay?knowledge_id=3995852763301633；官方页面日期：2026-09-28；官方页面未明确标注生效日期；最后核验：2026-10-02。,查看订单三项SLA，按工作日安排发货与跟踪。
TikTok Shop｜美国站,订单履约,TikTok Shop 美国站Made-to-Order、Backorder或自定义处理期订单用什么SLA？,适用范围：TikTok Shop 美国站获准使用相关工具的订单；设定处理期为H个工作日，In Transit限H+1，未Awaiting Collection自动取消限H+4，Delivered限H+5；不能套普通订单期限；官方来源：TikTok Shop Seller University《订单履约政策》；官方页面：https://seller-us.tiktok.com/university/essay?knowledge_id=3995852763301633；官方页面日期：2026-09-28；官方页面未明确标注生效日期；最后核验：2026-10-02。,核对产品处理期及订单显示的三项SLA。
TikTok Shop｜美国站,订单履约,TikTok Shop 美国站预售订单的履约期限从什么时候算？,适用范围：TikTok Shop 美国站Pre-Order订单；以预售关闭日期为起点，2个工作日内In Transit，5个工作日仍未Awaiting Collection会自动取消，6个工作日内Delivered；工作日排除周末及联邦假日；官方来源：TikTok Shop Seller University《订单履约政策》；官方页面：https://seller-us.tiktok.com/university/essay?knowledge_id=3995852763301633；官方页面日期：2026-09-28；官方页面未明确标注生效日期；最后核验：2026-10-02。,从预售关闭日核对订单发货和送达截止日。
TikTok Shop｜美国站,订单履约,TikTok Shop 美国站LDR超过多少会触发处罚？,适用范围：TikTok Shop 美国站店铺迟发货率；LDR>10%触发执法，可扣AHR、限单或延长结算；重复违规可加重，LDR不直接影响SPS但可通过OTDR间接影响；官方来源：TikTok Shop Seller University《迟发货率要求》；官方页面：https://seller-us.tiktok.com/university/essay?knowledge_id=3668989549299511；官方页面日期：2026-08-06；官方页面未明确标注生效日期；最后核验：2026-10-02。,在Orders > Fulfillment Performance检查LDR及迟发订单。
TikTok Shop｜美国站,订单履约,TikTok Shop 美国站使用TikTok Shipping后还能被计迟发货吗？,适用范围：TikTok Shop 美国站LDR履约方式例外；TikTok Shipping不豁免，卖家仍负责发货；FBT由平台履约而排除；大范围中断时SLA可能临时延长；官方来源：TikTok Shop Seller University《迟发货率要求》；官方页面：https://seller-us.tiktok.com/university/essay?knowledge_id=3668989549299511；官方页面日期：2026-08-06；官方页面未明确标注生效日期；最后核验：2026-10-02。,核对订单最新SLA和履约方式。
TikTok Shop｜美国站,申诉,TikTok Shop 美国站物流商造成迟发货，LDR申诉要什么证明？,适用范围：TikTok Shop 美国站认为LDR错误且归因物流商的处罚；提交物流商官方确认或可验证官方声明，覆盖公司、影响时段、原因、订单数及跟踪号，文件需印章或签字，时戳与受影响订单一致；官方来源：TikTok Shop Seller University《迟发货率要求》；官方页面：https://seller-us.tiktok.com/university/essay?knowledge_id=3668989549299511；官方页面日期：2026-08-06；官方页面未明确标注生效日期；最后核验：2026-10-02。,下载迟发订单，收集物流商确认并在处罚工单申诉。
TikTok Shop｜美国站,订单履约,TikTok Shop 美国站卖家责任取消率SFCR必须控制在多少？,适用范围：TikTok Shop 美国站已确认Awaiting Shipment订单；硬性要求≤2.5%，超过可受执法并随重复违规加重；SFCR直接影响SPS；官方来源：TikTok Shop Seller University《卖家责任取消率要求》；官方页面：https://seller-us.tiktok.com/university/essay?knowledge_id=7953001314830094；官方页面日期：2026-08-06；官方页面未明确标注生效日期；最后核验：2026-10-02。,在Fulfillment Performance或SPS页面核对SFCR。
TikTok Shop｜美国站,订单履约,TikTok Shop 美国站哪些取消原因会计入SFCR？,适用范围：TikTok Shop 美国站卖家责任订单取消；包括缺货、价格错误、SLA内无有效追踪而自动取消、召回、欠邮资或假面单；未提供真品证书只适用于二手奢侈品；官方来源：TikTok Shop Seller University《卖家责任取消率要求》；官方页面：https://seller-us.tiktok.com/university/essay?knowledge_id=7953001314830094；官方页面日期：2026-08-06；官方页面未明确标注生效日期；最后核验：2026-10-02。,按取消原因核对记录并及时提供有效追踪和所需文件。
TikTok Shop｜美国站,订单履约,TikTok Shop 美国站样品单和FBT单怎样计入SFCR？,适用范围：TikTok Shop 美国站SFCR例外订单；创作者样品单不计；FBT计入全部确认订单分母，但不计入卖家责任取消分子；官方来源：TikTok Shop Seller University《卖家责任取消率要求》；官方页面：https://seller-us.tiktok.com/university/essay?knowledge_id=7953001314830094；官方页面日期：2026-08-06；官方页面未明确标注生效日期；最后核验：2026-10-02。,按订单类型复核SFCR分子与分母。
TikTok Shop｜美国站,物流,TikTok Shop 美国站OTDR的最低要求是多少？,适用范围：TikTok Shop 美国站店铺按时送达率；须≥80%，低于可受执法；一般以送达截止日前Delivered订单÷评估期应送达订单计算，并影响SPS；官方来源：TikTok Shop Seller University《按时送达率要求》；官方页面：https://seller-us.tiktok.com/university/essay?knowledge_id=7671875816589099；官方页面日期：2026-09-16；官方页面未明确标注生效日期；最后核验：2026-10-02。,查看订单deliver-by日期及店铺OTDR。
TikTok Shop｜美国站,物流,TikTok Shop 美国站升级TikTok Shipping或CBT遇到下游延误会降低OTDR吗？,适用范围：TikTok Shop 美国站升级TikTok Shipping及Collections by TikTok订单；正文注明自2026年6月起，按dispatch SLA及时发货后，下游晚送达仍计按时；迟发仍可能影响，合格发货事件按平台履约规则认定；官方来源：TikTok Shop Seller University《按时送达率要求》；官方页面：https://seller-us.tiktok.com/university/essay?knowledge_id=7671875816589099；官方页面日期：2026-09-16；官方页面未明确标注生效日期；最后核验：2026-10-02。,确保在发货SLA内完成平台认可的合格发货事件。
TikTok Shop｜美国站,物流,TikTok Shop 美国站OTDR有哪些物流方式和工作日例外？,适用范围：TikTok Shop 美国站OTDR履约例外；FBT始终按及时送达计；Express Shipping不参与OTDR；周末和美国联邦假日不计送达SLA；官方来源：TikTok Shop Seller University《按时送达率要求》；官方页面：https://seller-us.tiktok.com/university/essay?knowledge_id=7671875816589099；官方页面日期：2026-09-16；官方页面未明确标注生效日期；最后核验：2026-10-02。,按物流类型复核OTDR并按工作日核对截止日。
TikTok Shop｜美国站,物流,TikTok Shop 美国站VTR的最低要求是多少，会影响哪个分数？,适用范围：TikTok Shop 美国站被评估的有效追踪率；硬性要求≥95%，不足会处罚并扣AHR；VTR不影响SPS，TikTok Shipping及FBT不评估该指标；官方来源：TikTok Shop Seller University《有效追踪率要求》；官方页面：https://seller-us.tiktok.com/university/essay?knowledge_id=1274968588748558；官方页面日期：2026-08-06；官方页面未明确标注生效日期；最后核验：2026-10-02。,在Fulfillment Performance核对VTR和异常包裹。
TikTok Shop｜美国站,物流,TikTok Shop 美国站什么条件下追踪号码才算有效？,适用范围：TikTok Shop 美国站被评估的已发包裹；至少2次有效承运商扫描且含送达/尝试送达等认可末端状态；地址匹配、未跨订单或客户重复、时间戳一致准确；丢失、途中损坏或无法投递扫描也可计；官方来源：TikTok Shop Seller University《有效追踪率要求》；官方页面：https://seller-us.tiktok.com/university/essay?knowledge_id=1274968588748558；官方页面日期：2026-08-06；官方页面未明确标注生效日期；最后核验：2026-10-02。,核对每包裹唯一号码、地址和承运商完整扫描。
TikTok Shop｜美国站,物流,TikTok Shop 美国站TikTok Shipping和FBT也计算VTR吗？,适用范围：TikTok Shop 美国站VTR履约例外；TikTok Shipping和FBT不评估VTR；成功申诉确认误判的订单可从计数移除；官方来源：TikTok Shop Seller University《有效追踪率要求》；官方页面：https://seller-us.tiktok.com/university/essay?knowledge_id=1274968588748558；官方页面日期：2026-08-06；官方页面未明确标注生效日期；最后核验：2026-10-02。,核对履约方式，误判时使用处罚申诉入口。
TikTok Shop｜美国站,物流,TikTok Shop 美国站Seller Shipping填错追踪号可以修改吗？,适用范围：TikTok Shop 美国站实物商品Seller Shipping；须填写追踪ID、物流商及运输服务并与面单一致；错误可修正1次，错误追踪可造成迟发或取消；官方来源：TikTok Shop Seller University《客户订单运输要求》；官方页面：https://seller-us.tiktok.com/university/essay?knowledge_id=6837879804970754；官方页面日期：2026-09-16；官方页面未明确标注生效日期；最后核验：2026-10-02。,先用一次修改机会修正，仍有问题再寻求客服帮助。
TikTok Shop｜美国站,物流,TikTok Shop 美国站包裹面单能放站外网址或客服二维码吗？,适用范围：TikTok Shop 美国站实物订单面单；不得放超链接、二维码、其他平台联系方式或无关信息；须牢固贴附并含客户完整地址、订单号及Seller Center退货地址；官方来源：TikTok Shop Seller University《客户订单运输要求》；官方页面：https://seller-us.tiktok.com/university/essay?knowledge_id=6837879804970754；官方页面日期：2026-09-16；官方页面未明确标注生效日期；最后核验：2026-10-02。,核对面单必要信息并去除引导站外内容。
TikTok Shop｜美国站,物流,TikTok Shop 美国站收到TikTok订单后从另一零售平台购买并直发买家可以吗？,适用范围：TikTok Shop 美国站实物订单履约；平台将从另一零售商或电商平台购买、安排并直接发给TikTok买家的行为列为欺诈物流禁行；可导致物流权限限制或关店等；官方来源：TikTok Shop Seller University《客户订单运输要求》；官方页面：https://seller-us.tiktok.com/university/essay?knowledge_id=6837879804970754；官方页面日期：2026-09-16；官方页面未明确标注生效日期；最后核验：2026-10-02。,勿使用该代购直发模式履行订单。
TikTok Shop｜美国站,商品合规,TikTok Shop 美国站危险品可以用类似商品的SDS或自己制作的SDS吗？,适用范围：TikTok Shop 美国站危险品安全数据表；不可自制或借用类似商品SDS；须取得与具体产品直接匹配的制造商文件，也可由认证第三方实验室出具，并核对运输信息；官方来源：TikTok Shop Seller University《危险品要求》；官方页面：https://seller-us.tiktok.com/university/essay?knowledge_id=2297870046414638；官方页面日期：2026-09-01；官方页面未明确标注生效日期；最后核验：2026-10-02。,取得匹配SDS/MSDS并上传所需文件。
TikTok Shop｜美国站,商品合规,TikTok Shop 美国站含锂电池商品除了SDS还要什么文件？,适用范围：TikTok Shop 美国站锂电池商品；须额外上传UN38.3锂电池测试报告；危险品仍须按适用法律正确储存、处理、贴标和运输；官方来源：TikTok Shop Seller University《危险品要求》；官方页面：https://seller-us.tiktok.com/university/essay?knowledge_id=2297870046414638；官方页面日期：2026-09-01；官方页面未明确标注生效日期；最后核验：2026-10-02。,取得该商品匹配的UN38.3报告并提交。
TikTok Shop｜美国站,商品合规,TikTok Shop 美国站商品上架后才被识别为危险品，需要多久补SDS？,适用范围：TikTok Shop 美国站已上架后才被识别为危险品的商品；平台给90天宽限期通过Seller Center提交所需SDS；此期限不免除正确危险品标识及运输义务；官方来源：TikTok Shop Seller University《危险品要求》；官方页面：https://seller-us.tiktok.com/university/essay?knowledge_id=2297870046414638；官方页面日期：2026-09-01；官方页面未明确标注生效日期；最后核验：2026-10-02。,在宽限期内提交匹配SDS，并核对危险品运输要求。
TikTok Shop｜美国站,广告与经营,TikTok Shop 美国站能返现或送礼让买家写评价吗？,适用范围：TikTok Shop 美国站卖家邀评的消息、视频及LIVE等渠道；禁止以金钱、赠品、折扣、退款等奖励换评价；使用官方TikTok Shop Incentivized Review功能是该限制的例外；官方来源：TikTok Shop Seller University《评价政策》；官方页面：https://seller-us.tiktok.com/university/essay?knowledge_id=10019322；官方页面日期：2026-06-30；官方页面未明确标注生效日期；最后核验：2026-10-02。,停止私下奖励邀评，符合资格时按官方功能操作。
TikTok Shop｜美国站,广告与经营,TikTok Shop 美国站能要求差评买家删除或修改评价吗？,适用范围：TikTok Shop 美国站卖家影响客户评价的行为；禁止要求客户改删评价、阻止评价或仅向满意客户邀评；违反可扣分或限制销售；官方来源：TikTok Shop Seller University《评价政策》；官方页面：https://seller-us.tiktok.com/university/essay?knowledge_id=10019322；官方页面日期：2026-06-30；官方页面未明确标注生效日期；最后核验：2026-10-02。,停止改删要求及选择性邀评。
TikTok Shop｜美国站,广告与经营,TikTok Shop 美国站遇到错误、无效或辱骂评价怎样处理？,适用范围：TikTok Shop 美国站可举报的客户评价；可在Seller Center的Product Ratings页面举报，平台调查并采取适当行动；举报不保证移除；官方来源：TikTok Shop Seller University《评价政策》；官方页面：https://seller-us.tiktok.com/university/essay?knowledge_id=10019322；官方页面日期：2026-06-30；官方页面未明确标注生效日期；最后核验：2026-10-02。,进入Product Ratings提交对应评价举报。
TikTok Shop｜美国站,费用与结算,TikTok Shop 美国站结算档位和预留等级什么时候评估？,适用范围：TikTok Shop 美国站卖家的动态结算；每月1日评估，参考SPS、前15–45天成功送达订单数及临时账号限制；平台仍可依据账号或安全检查随时调整；官方来源：TikTok Shop Seller University《动态结算及预留款政策》；官方页面：https://seller-us.tiktok.com/university/essay?course_type=1&from=search&identity=1&knowledge_id=3995852763531009&role=1；官方页面日期：2026-07-31；官方页面未明确标注生效日期；最后核验：2026-10-02。,查看当月结算档位、预留等级及账号限制。
TikTok Shop｜美国站,费用与结算,TikTok Shop 美国站预留款要持有多久才释放？,适用范围：TikTok Shop 美国站已送达订单的预留资金；每单从送达日起保留30天，用于潜在退货退款；未被使用的预留款期满释放，具体比例按该店当月等级；官方来源：TikTok Shop Seller University《动态结算及预留款政策》；官方页面：https://seller-us.tiktok.com/university/essay?course_type=1&from=search&identity=1&knowledge_id=3995852763531009&role=1；官方页面日期：2026-07-31；官方页面未明确标注生效日期；最后核验：2026-10-02。,按送达日期核对预留款和期满释放记录。
TikTok Shop｜美国站,费用与结算,TikTok Shop 美国站月初评估后还会突然进入递延结算吗？,适用范围：TikTok Shop 美国站平台或卖家安全审核；可在当月任何时间进入Deferred Settlement Period；月初档位不保证整月固定；官方来源：TikTok Shop Seller University《动态结算及预留款政策》；官方页面：https://seller-us.tiktok.com/university/essay?course_type=1&from=search&identity=1&knowledge_id=3995852763531009&role=1；官方页面日期：2026-07-31；官方页面未明确标注生效日期；最后核验：2026-10-02。,查看安全审核及临时账号限制通知。
